Rk,Player,Pos,Age,Tm,G,GS,MP,FG,FGA,FG%,3P,3PA,3P%,2P,2PA,2P%,eFG%,FT,FTA,FT%,ORB,DRB,TRB,AST,STL,BLK,TOV,PF,PTS
1,Precious Achiuwa\achiupr01,C,22,TOR,44,22,23.8,3.2,7.5,0.422,0.4,1.2,0.296,2.8,6.3,0.446,0.446,0.9,1.6,0.557,2.3,4.9,7.2,1.2,0.5,0.6,1,2,7.6
2,Steven Adams\adamsst01,C,28,MEM,52,51,26,2.6,4.9,0.53,0,0,,2.6,4.9,0.53,0.53,1.5,2.6,0.582,4.4,5.1,9.5,3.1,0.9,0.6,1.6,1.8,6.7
3,Bam Adebayo\adebaba01,C,24,MIA,30,30,32.8,6.8,13.2,0.518,0,0.1,0,6.8,13.1,0.522,0.518,4.6,6,0.772,2.7,7.3,10,3.5,1.6,0.6,3,3.2,18.3
4,Santi Aldama\aldamsa01,PF,21,MEM,27,0,10.3,1.4,3.6,0.381,0.1,1.4,0.103,1.2,2.1,0.569,0.402,0.4,0.7,0.6,0.9,1.5,2.4,0.5,0.1,0.3,0.3,1,3.3
5,LaMarcus Aldridge\aldrila01,C,36,BRK,36,11,22.9,5.8,10.4,0.555,0.3,1.1,0.316,5.4,9.3,0.582,0.571,1.6,1.9,0.853,1.5,4.1,5.6,0.9,0.4,1.1,0.9,1.8,13.4
6,Nickeil Alexander-Walker\alexani01,SG,23,NOP,50,19,26.3,4.7,12.6,0.375,1.9,6.1,0.311,2.8,6.5,0.434,0.45,1.4,1.9,0.722,0.7,2.6,3.3,2.8,0.8,0.4,1.7,1.8,12.8
7,Grayson Allen\allengr01,SG,26,MIL,46,45,28.2,4.1,9.5,0.428,2.5,6.5,0.394,1.5,3,0.5,0.562,1,1.2,0.857,0.5,2.9,3.5,1.5,0.8,0.3,0.6,1.4,11.7
8,Jarrett Allen\allenja01,C,23,CLE,47,47,32.6,6.6,9.9,0.667,0,0.2,0.1,6.6,9.7,0.679,0.668,3,4.3,0.686,3.6,7.6,11.2,1.8,0.8,1.4,1.8,1.8,16.2
9,Jose Alvarado\alvarjo01,PG,23,NOP,27,1,12.4,1.9,4.4,0.42,0.6,1.8,0.306,1.3,2.6,0.5,0.483,0.5,0.8,0.667,0.3,1,1.3,2,1.1,0.1,0.4,1.4,4.8
10,Justin Anderson\anderju01,SF,28,TOT,6,0,12.8,1,3.2,0.316,0.5,2.5,0.2,0.5,0.7,0.75,0.395,1,1.2,0.857,0.3,1.3,1.7,1.5,0.3,0.2,0.5,1.5,3.5
10,Justin Anderson\anderju01,SF,28,CLE,3,0,15.7,1.3,2.7,0.5,0.7,2,0.333,0.7,0.7,1,0.625,1,1.3,0.75,0,2,2,2,0.3,0,0.7,1.3,4.3
10,Justin Anderson\anderju01,SF,28,IND,3,0,10,0.7,3.7,0.182,0.3,3,0.111,0.3,0.7,0.5,0.227,1,1,1,0.7,0.7,1.3,1,0.3,0.3,0.3,1.7,2.7
11,Kyle Anderson\anderky01,PF,28,MEM,43,8,22.2,3.1,7.2,0.431,0.6,1.8,0.342,2.5,5.5,0.46,0.473,1.1,1.6,0.657,1,4.3,5.3,2.6,1.1,0.6,1,1.5,7.9
12,Giannis Antetokounmpo\antetgi01,PF,27,MIL,46,46,32.6,10,18.4,0.544,1.2,3.9,0.303,8.8,14.6,0.607,0.575,8,11,0.722,1.9,9.4,11.3,6,1,1.4,3.3,3.2,29.2
13,Thanasis Antetokounmpo\antetth01,SF,29,MIL,33,5,10.5,1.2,2.5,0.458,0,0.3,0.091,1.1,2.2,0.514,0.464,0.5,0.7,0.625,0.9,1.4,2.3,0.6,0.4,0.2,0.6,1.7,2.8
14,Carmelo Anthony\anthoca01,PF,37,LAL,50,3,26.5,4.6,10.5,0.437,2.3,5.9,0.392,2.3,4.6,0.496,0.548,2,2.4,0.824,0.8,3.3,4.2,1,0.7,0.8,0.9,2.2,13.4
15,Cole Anthony\anthoco01,PG,21,ORL,42,42,33.2,6,15.4,0.392,2.2,6.6,0.327,3.9,8.8,0.441,0.462,3.5,4.2,0.851,0.6,5.2,5.9,6.1,0.9,0.3,2.8,2.7,17.8
16,OG Anunoby\anunoog01,SF,24,TOR,38,38,37.2,6.9,15.5,0.446,2.5,7,0.358,4.4,8.6,0.517,0.526,2.1,2.8,0.743,1.6,4.2,5.8,2.7,1.6,0.6,1.8,3,18.4
17,Trevor Ariza\arizatr01,SF,36,LAL,18,8,19.4,1.4,3.8,0.362,1.1,3.2,0.333,0.3,0.7,0.5,0.5,0.4,0.6,0.7,0.3,3.1,3.3,1.3,0.6,0.2,0.4,1,4.2
18,D.J. Augustin\augusdj01,PG,34,HOU,34,2,15,1.6,4,0.404,1.1,2.8,0.406,0.5,1.2,0.4,0.548,1,1.1,0.868,0.2,1,1.2,2.2,0.3,0,1.3,0.5,5.4
19,Deni Avdija\avdijde01,SF,21,WAS,53,6,22.8,2.7,6.1,0.444,0.8,2.7,0.306,1.9,3.4,0.556,0.512,1.1,1.4,0.747,0.6,4.2,4.9,1.6,0.8,0.6,0.9,2.3,7.3
20,Joel Ayayi\ayayijo01,SG,21,WAS,7,0,2.9,0.1,0.9,0.167,0,0.1,0,0.1,0.7,0.2,0.167,0,0,,0.1,0.3,0.4,0.6,0,0,0,0,0.3
21,Deandre Ayton\aytonde01,C,23,PHO,33,33,29.3,7,11,0.635,0.1,0.2,0.25,6.9,10.8,0.643,0.637,2,2.8,0.725,2.8,7.6,10.4,1.5,0.8,0.8,1.7,2.3,16.1
22,Udoka Azubuike\azubuud01,C,22,UTA,13,5,11.5,1.8,2.6,0.676,0,0,,1.8,2.6,0.676,0.676,0.3,0.7,0.444,1,3,4,0,0.1,0.8,0.8,1.3,3.8
23,Marvin Bagley III\baglema01,PF,22,SAC,30,17,21.9,3.8,8.2,0.463,0.5,2.1,0.242,3.3,6.1,0.538,0.494,1.2,1.6,0.745,2.2,4.9,7.2,0.6,0.3,0.4,0.7,1.7,9.3
24,LaMelo Ball\ballla01,PG,20,CHO,49,49,32.4,7.1,16.8,0.423,2.6,7.1,0.361,4.5,9.7,0.468,0.499,3,3.5,0.865,1.6,5.5,7.1,7.5,1.6,0.4,3.1,3.1,19.8
25,Lonzo Ball\balllo01,PG,24,CHI,35,35,34.6,4.6,10.9,0.423,3.1,7.4,0.423,1.5,3.5,0.423,0.567,0.6,0.8,0.75,1,4.4,5.4,5.1,1.8,0.9,2.3,2.4,13
26,Mo Bamba\bambamo01,C,23,ORL,45,43,26.2,4,8.5,0.47,1.3,3.7,0.343,2.7,4.8,0.567,0.545,0.8,1.1,0.792,2.1,5.9,8,1.3,0.6,1.9,1.3,2.6,10.1
27,Desmond Bane\banede01,SF,23,MEM,52,52,30.1,6.6,14.4,0.459,2.8,6.9,0.408,3.8,7.5,0.505,0.556,1.5,1.7,0.897,0.6,3.9,4.4,2.5,1.1,0.5,1.5,2.4,17.5
28,Dalano Banton\bantoda01,SF,22,TOR,43,1,11.7,1.4,3.5,0.403,0.3,0.9,0.289,1.1,2.6,0.441,0.44,0.4,0.7,0.643,0.6,1.6,2.2,1.6,0.5,0.2,1,1.2,3.5
29,Cat Barber\barbeca01,PG,27,ATL,3,0,4.3,0,1.3,0,0,0,,0,1.3,0,0,0,1.3,0,0.3,0.7,1,1,0,0,0.3,0.3,0
30,Harrison Barnes\barneha02,PF,29,SAC,52,52,33.8,5.2,11.3,0.462,2,4.9,0.412,3.2,6.3,0.502,0.553,4.7,5.6,0.829,1.1,5,6.1,2.5,0.7,0.2,1.6,1.3,17.1
31,Scottie Barnes\barnesc01,PF,20,TOR,45,45,36,5.8,12.3,0.475,0.9,2.7,0.325,5,9.6,0.516,0.51,2.3,3.1,0.741,2.5,5.1,7.7,3.4,1,0.8,1.9,2.8,14.8
32,RJ Barrett\barrerj01,SF,21,NYK,48,48,33.1,6.4,15.5,0.412,2,5.6,0.354,4.4,9.8,0.445,0.476,3.2,4.6,0.695,0.9,4.8,5.7,2.6,0.5,0.3,2,2,18
33,Will Barton\bartowi01,SG,31,DEN,47,47,32.6,5.9,13.4,0.444,2.3,6.2,0.375,3.6,7.1,0.504,0.532,1.3,1.7,0.778,0.7,4.3,5,4.1,0.9,0.5,1.9,1.6,15.6
34,Paris Bass\basspa01,SF,26,PHO,2,0,3.5,1,3,0.333,0,1,0,1,2,0.5,0.333,1,1,1,1,1,2,0,0.5,0,1,1,3
35,Charles Bassey\bassech01,PF,21,PHI,22,0,7.3,1.3,2,0.651,0,0.2,0,1.3,1.8,0.718,0.651,0.4,0.5,0.727,0.9,1.8,2.7,0.3,0.2,0.8,0.4,1.4,2.9
36,Keita Bates-Diop\bateske01,SF,26,SAS,42,12,16.7,2.2,4.4,0.5,0.3,1,0.333,1.9,3.4,0.549,0.538,0.7,1,0.69,1.1,3,4,0.6,0.5,0.3,0.7,1,5.4
37,Nicolas Batum\batumni01,PF,33,LAC,35,30,24.9,3.2,6.6,0.483,1.9,4.8,0.405,1.3,1.8,0.688,0.629,0.5,0.7,0.667,0.5,4,4.4,1.6,1,0.7,0.8,1.5,8.8
38,Kent Bazemore\bazemke01,SF,32,LAL,31,14,14.7,1.3,3.8,0.328,0.7,2.1,0.354,0.5,1.7,0.296,0.424,0.4,0.5,0.765,0.3,1.5,1.7,0.9,0.6,0.2,0.3,1.8,3.7
39,Darius Bazley\bazleda01,PF,21,OKC,49,33,26.7,3.5,8.7,0.401,1,3.5,0.292,2.4,5.2,0.474,0.46,1.6,2.3,0.685,1.1,5.3,6.4,1.2,0.8,1.1,1.4,1,9.5
40,Bradley Beal\bealbr01,SG,28,WAS,40,40,36,8.7,19.3,0.451,1.6,5.3,0.3,7.1,14,0.508,0.492,4.2,5.1,0.833,1,3.8,4.7,6.6,0.9,0.4,3.4,2.4,23.2
41,Malik Beasley\beaslma01,SG,25,MIN,55,10,25.8,4.4,11.6,0.38,3,8.3,0.358,1.4,3.3,0.434,0.508,0.5,0.7,0.75,0.4,2.7,3,1.5,0.5,0.1,0.7,1.2,12.3
42,Jordan Bell\belljo01,C,27,CHI,1,0,2,0,0,,0,0,,0,0,,,0,0,,1,0,1,0,1,0,0,2,0
43,DeAndre' Bembry\bembrde01,SF,27,BRK,48,20,19.8,2.5,4.4,0.568,0.3,0.8,0.417,2.2,3.7,0.599,0.603,0.4,0.7,0.6,0.8,2.4,3.2,1.3,1,0.5,0.6,2.2,5.8
44,Dāvis Bertāns\bertada01,PF,29,WAS,34,0,14.7,1.8,5,0.351,1.4,4.2,0.319,0.4,0.8,0.519,0.485,0.8,0.9,0.933,0.2,1.6,1.8,0.5,0.3,0.2,0.4,1.6,5.7
45,Patrick Beverley\beverpa01,PG,33,MIN,36,32,25.9,3.1,7.7,0.406,1.3,4,0.333,1.8,3.7,0.485,0.493,1.3,1.9,0.706,1.1,3.4,4.5,5,1.1,0.9,1.1,2.9,8.9
46,Saddiq Bey\beysa01,SF,22,DET,54,54,33.5,5.3,14,0.381,2.5,7.4,0.338,2.9,6.6,0.43,0.47,2.4,2.9,0.827,1.3,4.4,5.7,2.7,0.9,0.2,1.3,1.7,15.5
47,Khem Birch\birchkh01,C,29,TOR,27,7,18.8,1.9,3.9,0.481,0,0.3,0,1.9,3.6,0.52,0.481,1.2,1.6,0.75,2.4,2.3,4.6,1.1,0.7,0.4,0.6,1.6,5
48,Goga Bitadze\bitadgo01,C,22,IND,32,5,11.2,1.8,4.1,0.443,0.3,1.4,0.178,1.6,2.7,0.581,0.473,0.9,1.4,0.63,1.4,1.5,2.8,0.6,0.4,0.7,0.8,1.7,4.8
49,Bismack Biyombo\biyombi01,C,29,PHO,15,3,19.3,3.6,5.9,0.607,0,0,,3.6,5.9,0.607,0.607,1.7,3.1,0.553,2.9,4,6.9,0.9,0.6,0.9,0.8,2.1,8.9
50,Nemanja Bjelica\bjeline01,C,33,GSW,49,0,15.4,2.3,5.2,0.453,0.8,2.4,0.342,1.5,2.8,0.547,0.531,0.9,1.3,0.71,0.9,3.2,4.1,1.8,0.6,0.3,1.2,1.6,6.4
51,Eric Bledsoe\bledser01,PG,32,LAC,54,29,25.2,3.6,8.7,0.421,0.9,3,0.313,2.7,5.6,0.479,0.475,1.6,2.2,0.761,0.5,2.9,3.4,4.2,1.3,0.4,2.1,1.6,9.9
52,Keljin Blevins\blevike01,SF,26,POR,12,0,6.1,0.8,1.9,0.391,0.5,1.2,0.429,0.3,0.8,0.333,0.522,0,0.2,0,0.2,0.5,0.7,0.3,0,0,0.5,0.4,2
53,Bogdan Bogdanović\bogdabo01,SG,29,ATL,36,26,28.5,4.6,10.9,0.417,2.4,6.5,0.363,2.2,4.4,0.497,0.525,1,1.3,0.8,0.3,3.4,3.8,2.9,0.8,0.2,1.1,2,12.5
54,Bojan Bogdanović\bogdabo02,PF,32,UTA,53,53,31,6.1,13.4,0.459,2.4,6.4,0.382,3.7,7,0.53,0.55,3.3,3.8,0.871,0.8,3.5,4.4,1.7,0.5,0,1.6,1.7,18
55,Bol Bol\bolbo01,PF,22,DEN,14,0,5.8,1.1,1.9,0.556,0.1,0.3,0.25,1,1.6,0.609,0.574,0.1,0.4,0.4,0.3,1.1,1.4,0.4,0.1,0.1,0.3,0.3,2.4
56,Leandro Bolmaro\bolmale01,SF,21,MIN,25,2,7.5,0.4,1.3,0.281,0.1,0.5,0.167,0.3,0.8,0.35,0.313,0.3,0.4,0.889,0.6,0.8,1.4,0.4,0.2,0,0.5,0.8,1.1
57,Isaac Bonga\bongais01,SF,22,TOR,13,0,5.1,0.2,1,0.231,0.1,0.3,0.25,0.2,0.7,0.222,0.269,0.3,0.5,0.667,0.3,0.2,0.5,0.2,0.5,0.2,0.2,0.8,0.8
58,Devin Booker\bookede01,SG,25,PHO,47,47,34,9.3,20.8,0.45,2.7,7.1,0.373,6.7,13.6,0.49,0.514,4.3,5.1,0.857,0.8,4.5,5.3,4.3,1,0.3,2.4,2.5,25.7
59,Brandon Boston Jr.\bostobr01,SG,20,LAC,39,0,15.5,2.4,6.6,0.363,0.7,2.3,0.289,1.7,4.3,0.404,0.414,1.2,1.4,0.855,0.3,2,2.4,0.9,0.5,0.3,0.7,0.9,6.6
60,Chris Boucher\bouchch01,PF,29,TOR,51,8,20.2,3.2,7,0.461,0.8,2.7,0.279,2.5,4.3,0.578,0.515,1.8,2.4,0.767,2.1,3.8,5.9,0.4,0.7,1.1,0.6,2.2,9
61,James Bouknight\bouknja01,SG,21,CHO,25,0,10,1.7,4.6,0.368,0.6,1.6,0.341,1.1,2.9,0.384,0.43,0.9,1.1,0.852,0.7,0.8,1.5,0.8,0.2,0,0.4,0.9,4.8
62,Avery Bradley\bradlav01,SG,31,LAL,48,41,23.7,2.5,6.1,0.41,1.4,3.6,0.376,1.1,2.5,0.458,0.52,0.3,0.3,0.857,0.5,1.8,2.3,0.8,0.9,0.2,0.7,1.9,6.6
63,Tony Bradley\bradlto01,C,24,CHI,41,7,11.6,1.5,2.6,0.581,0,0,,1.5,2.6,0.581,0.581,0.3,0.5,0.7,1.3,2.5,3.8,0.5,0.2,0.7,0.6,1.3,3.3
64,Ignas Brazdeikis\brazdig01,SF,23,ORL,25,0,9.1,1,2.8,0.366,0.4,1.3,0.303,0.6,1.5,0.421,0.437,0.4,0.5,0.75,0.4,1,1.4,0.8,0.2,0,0.3,1,2.8
65,Mikal Bridges\bridgmi01,SF,25,PHO,54,54,34.8,5.2,10,0.522,1.4,3.8,0.369,3.8,6.2,0.615,0.592,1.3,1.5,0.875,1,3.3,4.3,2.2,1.2,0.5,0.8,1.9,13.1
66,Miles Bridges\bridgmi02,PF,23,CHO,54,54,35.9,7.4,15.3,0.485,1.8,5.9,0.31,5.6,9.4,0.593,0.544,3.2,4,0.797,1.2,6,7.1,3.6,1.1,0.9,1.8,2.6,19.8
67,Oshae Brissett\brissos01,SF,23,IND,43,1,19.1,2.2,5.5,0.403,0.8,2.5,0.333,1.4,3,0.462,0.479,1.1,1.7,0.658,1.3,3.1,4.4,0.7,0.6,0.3,0.7,1.4,6.4
68,Malcolm Brogdon\brogdma01,PG,29,IND,28,28,33.4,6.6,14.7,0.448,1.6,5.4,0.307,4.9,9.3,0.529,0.504,3.8,4.4,0.861,0.9,4.3,5.1,5.9,0.9,0.4,2.2,2,18.5
69,Armoni Brooks\brookar01,SG,23,HOU,41,8,16.8,2.1,6.1,0.347,1.6,5.2,0.3,0.6,0.9,0.605,0.474,0.4,0.5,0.842,0.3,1.7,2,1.2,0.5,0.2,0.6,1.5,6.2
70,Dillon Brooks\brookdi01,SF,26,MEM,21,20,28,6.9,16.2,0.426,1.6,4.8,0.327,5.3,11.4,0.469,0.475,3,3.4,0.889,0.8,2.5,3.3,2.7,1.3,0.2,1.8,3.3,18.4
71,Bruce Brown\brownbr01,SF,25,BRK,45,19,20.5,2.6,5.4,0.477,0.2,0.8,0.297,2.3,4.5,0.51,0.5,0.7,0.9,0.738,1.2,3,4.3,1.2,0.9,0.5,0.7,2.4,6
72,Charlie Brown Jr.\brownch02,SG,24,TOT,17,2,9.8,0.5,2.1,0.25,0.1,0.7,0.083,0.5,1.4,0.333,0.264,0.4,0.5,0.875,0.8,1,1.8,0.3,0.5,0.2,0.3,1.1,1.5
72,Charlie Brown Jr.\brownch02,SG,24,DAL,3,0,5,0.3,1.7,0.2,0,1,0,0.3,0.7,0.5,0.2,0,0,,0,0.3,0.3,0.3,0.7,0.3,0,0.7,0.7
72,Charlie Brown Jr.\brownch02,SG,24,PHI,14,2,10.8,0.6,2.2,0.258,0.1,0.6,0.111,0.5,1.6,0.318,0.274,0.5,0.6,0.875,1,1.1,2.1,0.3,0.5,0.2,0.4,1.1,1.7
73,Chaundee Brown Jr.\brownch05,SG-SF,23,TOT,5,2,20.8,2,6.4,0.313,1.2,3.6,0.333,0.8,2.8,0.286,0.406,1,1.2,0.833,0.2,3,3.2,0.8,0.4,0,0.2,1.4,6.2
73,Chaundee Brown Jr.\brownch05,SF,23,LAL,2,0,10.5,0.5,3.5,0.143,0,1.5,0,0.5,2,0.25,0.143,0,0,,0,1,1,0,0,0,0.5,0,1
73,Chaundee Brown Jr.\brownch05,SG,23,ATL,3,2,27.7,3,8.3,0.36,2,5,0.4,1,3.3,0.3,0.48,1.7,2,0.833,0.3,4.3,4.7,1.3,0.7,0,0,2.3,9.7
74,Greg Brown III\browngr01,SF,20,POR,25,0,6.9,1.3,2.8,0.457,0.2,0.8,0.211,1.1,2,0.549,0.486,0.7,1.1,0.607,0.6,1.1,1.8,0.2,0.2,0.3,0.4,0.8,3.4
75,Jaylen Brown\brownja02,SF,25,BOS,42,42,34.2,8.7,18.9,0.461,2.7,7.6,0.349,6,11.3,0.537,0.531,3.8,4.8,0.783,0.8,5.7,6.5,3.2,1.1,0.4,2.9,2.6,23.9
76,Moses Brown\brownmo01,C,22,DAL,26,1,6.5,1,1.9,0.54,0,0,,1,1.9,0.54,0.54,1,1.7,0.628,0.6,1.7,2.3,0,0.1,0.3,0.5,1.1,3.1
77,Sterling Brown\brownst02,SG,26,DAL,36,3,14.3,1.4,3.6,0.398,0.8,2.2,0.342,0.7,1.4,0.49,0.504,0.3,0.3,0.909,0.6,2.9,3.5,0.8,0.3,0.1,0.6,1.2,3.9
78,Troy Brown Jr.\browntr01,SF,22,CHI,44,5,17.8,1.8,4.3,0.431,0.7,2.1,0.352,1.1,2.2,0.505,0.516,0.4,0.6,0.76,0.7,2.6,3.3,1.2,0.6,0.1,0.5,1.1,4.8
79,Jalen Brunson\brunsja01,PG,25,DAL,54,36,31.6,6.5,12.8,0.507,1.1,3,0.354,5.4,9.8,0.554,0.549,2.1,2.5,0.81,0.6,3.3,3.8,5.5,0.9,0.1,1.7,1.9,16.1
80,Thomas Bryant\bryanth01,C,24,WAS,11,4,16.1,2.5,5.6,0.452,0.6,1.9,0.333,1.9,3.7,0.512,0.508,1.2,1.5,0.765,1,2.4,3.4,0.5,0.3,0.5,0.7,1.7,6.9
81,Shaq Buchanan\buchash01,PG,25,MEM,2,0,5,0.5,2,0.25,0,1,0,0.5,1,0.5,0.25,0,0,,0.5,0.5,1,1,0.5,0,1,0.5,1
82,Reggie Bullock\bullore01,SF,30,DAL,47,16,24.8,2.8,6.7,0.411,1.8,5.1,0.358,0.9,1.6,0.579,0.547,0.6,0.7,0.844,0.4,3,3.4,1,0.5,0.1,0.5,1.3,7.9
83,Trey Burke\burketr01,PG,29,DAL,30,0,11.1,2.3,5.5,0.424,0.8,2.2,0.348,1.6,3.3,0.475,0.494,0.5,0.6,0.941,0.1,0.8,0.9,1.5,0.3,0,0.7,1,6
84,Alec Burks\burksal01,SG,30,NYK,54,21,26.8,3.3,8.7,0.382,1.8,4.5,0.388,1.6,4.1,0.377,0.484,2.7,3.2,0.832,0.6,3.7,4.3,2.5,1.1,0.3,1,2.4,11.1
85,Jared Butler\butleja02,SG,21,UTA,26,1,7.9,1.3,3.3,0.407,0.6,1.7,0.356,0.7,1.6,0.463,0.5,0.3,0.5,0.583,0.1,0.7,0.8,1.1,0.3,0.3,0.8,1,3.6
86,Jimmy Butler\butleji01,SF,32,MIA,36,36,33.8,7.2,14.7,0.491,0.4,1.8,0.212,6.8,12.9,0.531,0.505,6.9,7.8,0.89,1.9,4.3,6.2,6.2,1.8,0.4,2.1,1.4,21.8
87,Devontae Cacok\cacokde01,PF,25,SAS,8,0,8.4,2,2.9,0.696,0,0,,2,2.9,0.696,0.696,0.5,0.9,0.571,0.6,2.8,3.4,0.3,0.5,0.9,0.1,1,4.5
88,Kentavious Caldwell-Pope\caldwke01,SG,28,WAS,50,50,29.2,4,10,0.404,1.9,5.2,0.368,2.1,4.8,0.444,0.5,1.3,1.4,0.887,0.5,2.9,3.4,1.7,1,0.4,1.2,1.7,11.3
89,Facundo Campazzo\campafa01,PG,30,DEN,51,4,20.1,1.9,5,0.38,1,3.2,0.313,0.9,1.8,0.5,0.48,1,1.3,0.803,0.3,1.5,1.9,3.7,1.1,0.4,1.2,2,5.8
90,Vlatko Čančar\cancavl01,PF,24,DEN,14,1,10.9,1.6,2.8,0.564,0.5,0.9,0.583,1.1,1.9,0.556,0.654,0.6,0.9,0.75,0.4,1.2,1.6,0.9,0.1,0.2,0.6,0.9,4.3
91,Clint Capela\capelca01,C,27,ATL,46,45,28.2,4.9,8.4,0.58,0,0,0,4.9,8.4,0.581,0.58,1.1,2.4,0.455,3.8,8.3,12.2,1.4,0.8,1.3,0.5,2.3,10.9
92,Vernon Carey Jr.\careyve01,C,20,CHO,4,1,4.3,0.8,1.5,0.5,0,0,,0.8,1.5,0.5,0.5,0.5,0.8,0.667,0.8,0.5,1.3,0,0.3,0,0.3,0.3,2
93,Jevon Carter\carteje01,PG,26,BRK,41,1,11.8,1.2,3.6,0.327,0.9,2.6,0.34,0.3,1,0.293,0.449,0.1,0.2,0.75,0.2,1.2,1.4,1,0.3,0.2,0.5,1,3.4
94,Wendell Carter Jr.\cartewe01,C,22,ORL,47,46,29.3,5.2,10.3,0.504,1.2,3.6,0.329,4,6.7,0.597,0.561,2.2,3.1,0.715,2,8.1,10.2,2.7,0.6,0.7,1.7,2.7,13.7
95,Alex Caruso\carusal01,SG,27,CHI,28,9,27.7,2.8,6.5,0.429,1.1,3.1,0.345,1.7,3.4,0.505,0.511,1.7,2.1,0.814,0.9,3,3.9,3.9,1.9,0.4,1.4,2.4,8.4
96,Willie Cauley-Stein\caulewi01,C,28,DAL,18,2,9.8,0.9,1.9,0.457,0.1,0.1,0.5,0.8,1.8,0.455,0.471,0.1,0.1,0.5,0.7,1.4,2.1,0.5,0.3,0.2,0.4,0.9,1.9
97,Ahmad Caver\caverah01,PG,25,IND,1,0,1,1,1,1,0,0,,1,1,1,1,0,0,,0,0,0,0,0,0,0,0,2
98,Justin Champagnie\champju01,SF,20,TOR,30,0,8.4,1,2,0.483,0.3,0.7,0.409,0.7,1.3,0.526,0.558,0.3,0.3,1,1.2,0.9,2.1,0.3,0.2,0.1,0.2,1.1,2.5
99,Zylan Cheatham\cheatzy01,SF,26,UTA,1,0,5,0,3,0,0,2,0,0,1,0,0,0,0,,0,0,0,0,0,0,0,0,0
100,Chris Chiozza\chiozch01,PG,26,GSW,26,1,10.7,0.7,2.5,0.292,0.6,1.7,0.372,0.1,0.8,0.136,0.415,0,0,1,0.3,0.8,1.2,1.8,0.3,0,0.8,0.9,2.1
101,Marquese Chriss\chrisma01,PF,24,DAL,22,0,11.4,2.2,4.5,0.49,0.3,0.9,0.35,1.9,3.5,0.526,0.526,0.5,0.9,0.632,0.9,2.6,3.5,0.5,0.5,0.5,0.8,2.2,5.2
102,Josh Christopher\chrisjo01,SG,20,HOU,46,2,16.6,2.9,6.1,0.47,0.8,2.3,0.336,2.1,3.8,0.552,0.534,1.1,1.4,0.766,0.7,1.3,2,1.8,0.8,0.1,1.5,1.1,7.6
103,Gary Clark\clarkga01,PF,27,NOP,22,1,11,0.9,2.5,0.364,0.8,2,0.378,0.1,0.5,0.3,0.518,0.2,0.3,0.667,0.6,1.8,2.4,0.4,0.3,0.3,0.2,0.6,2.8
104,Brandon Clarke\clarkbr01,PF,25,MEM,41,1,18.7,4.3,6.6,0.654,0.1,0.4,0.222,4.2,6.2,0.685,0.662,1.3,1.9,0.711,1.9,3.3,5.2,1.4,0.5,1.1,0.5,1.7,10.1
105,Jordan Clarkson\clarkjo01,SG,29,UTA,52,1,26.6,5.6,14,0.401,2.6,8,0.321,3,6,0.508,0.492,1.7,2,0.819,0.8,2.6,3.4,2.4,0.7,0.3,1.7,1.9,15.5
106,Nic Claxton\claxtni01,C,22,BRK,25,18,21.2,4,6.2,0.639,0,0,,4,6.2,0.639,0.639,1.2,2.1,0.566,2.2,3.4,5.6,0.8,0.5,1.1,0.7,2.2,9.1
107,Amir Coffey\coffeam01,SG,24,LAC,43,20,22.1,2.8,6.1,0.464,1.4,3.6,0.397,1.4,2.4,0.562,0.582,1.5,1.7,0.887,0.5,2.6,3.1,1.6,0.5,0.2,0.5,1.3,8.5
108,John Collins\collijo01,PF,24,ATL,49,49,31.5,6.6,12.2,0.541,1.3,3.2,0.395,5.3,9,0.593,0.593,2.6,3.3,0.794,1.8,6.2,8,1.9,0.7,1.1,1.1,3.1,17
109,Zach Collins\colliza01,PF,24,SAS,2,0,15.5,3,6.5,0.462,0.5,1,0.5,2.5,5.5,0.455,0.5,1,2,0.5,3.5,3.5,7,3,1.5,0,2,3,7.5
110,Darren Collison\collida01,PG,34,LAL,3,0,12.3,0.7,2.3,0.286,0,1,0,0.7,1.3,0.5,0.286,0,0,,0,1.3,1.3,0.7,0.3,0,0.3,1.7,1.3
111,Mike Conley\conlemi01,PG,34,UTA,49,49,28.5,5,11,0.449,2.5,5.8,0.425,2.5,5.2,0.477,0.561,2,2.3,0.835,0.6,2.4,3.1,5.2,1.2,0.3,1.7,1.8,14.3
112,Pat Connaughton\connapa01,SG,29,MIL,53,18,27.2,3.6,7.7,0.473,2.3,5.7,0.413,1.3,2,0.639,0.625,0.6,0.7,0.811,0.7,3.7,4.4,1.2,0.9,0.3,0.6,1.4,10.2
113,Tyler Cook\cookty01,PF,24,CHI,18,2,10.7,1.2,2,0.611,0,0,,1.2,2,0.611,0.611,1.1,1.7,0.645,0.9,1.9,2.8,0.2,0.2,0.2,0.4,1.3,3.6
114,Sharife Cooper\coopesh01,PG,20,ATL,10,0,3.5,0.3,1.4,0.214,0.1,0.6,0.167,0.2,0.8,0.25,0.25,0,0,,0,0.5,0.5,0.5,0,0,0.5,0.1,0.7
115,Petr Cornelie\cornepe01,PF,26,DEN,13,0,2.9,0.4,1.2,0.333,0.1,0.6,0.125,0.3,0.5,0.571,0.367,0.2,0.3,0.75,0.5,0.5,1.1,0.2,0.1,0.1,0.3,0.5,1.1
116,DeMarcus Cousins\couside01,C,31,TOT,22,5,16,2.9,7,0.418,0.7,2.8,0.262,2.2,4.2,0.522,0.471,1.8,2.4,0.769,1.5,4.5,6,1,0.9,0.4,1.3,2.8,8.4
116,DeMarcus Cousins\couside01,C,31,MIL,17,5,16.9,3.2,6.9,0.466,0.8,2.8,0.271,2.5,4.1,0.6,0.521,1.8,2.2,0.816,1.4,4.4,5.8,1.1,0.9,0.5,0.9,2.7,9.1
116,DeMarcus Cousins\couside01,C,31,DEN,5,0,13.2,1.8,7,0.257,0.6,2.6,0.231,1.2,4.4,0.273,0.3,1.8,2.8,0.643,2,5,7,1,0.8,0.2,2.6,3,6
117,Robert Covington\covinro01,PF-SF,31,TOT,50,40,29.7,2.7,7.1,0.385,1.7,4.8,0.346,1.1,2.3,0.469,0.503,0.7,0.9,0.822,0.9,4.8,5.7,1.4,1.5,1.3,1.2,2.8,7.8
117,Robert Covington\covinro01,PF,31,POR,48,40,29.8,2.7,7,0.381,1.6,4.8,0.343,1,2.2,0.462,0.499,0.6,0.8,0.833,0.9,4.9,5.7,1.4,1.5,1.3,1.2,2.8,7.6
117,Robert Covington\covinro01,SF,31,LAC,2,0,26,4,8.5,0.471,2,5,0.4,2,3.5,0.571,0.588,3.5,4.5,0.778,2,3,5,0.5,1,1,1.5,3,13.5
118,Torrey Craig\craigto01,SF,31,IND,51,14,20.3,2.5,5.5,0.456,0.9,2.7,0.333,1.6,2.8,0.573,0.537,0.5,0.7,0.771,1.2,2.7,3.8,1.1,0.5,0.4,0.8,1.9,6.5
119,Jae Crowder\crowdja01,PF,31,PHO,44,44,28.3,3.1,7.8,0.397,1.8,5.2,0.343,1.3,2.6,0.504,0.512,0.9,1.1,0.816,0.4,4.8,5.2,1.5,1.3,0.5,0.9,2.4,8.9
120,Jarrett Culver\culveja01,SG,22,MEM,25,0,9.3,1.5,3.6,0.416,0.4,1.2,0.3,1.1,2.4,0.475,0.466,0.4,0.8,0.524,0.3,1.2,1.5,1,0.6,0.1,0.4,1,3.8
121,Jarron Cumberland\cumbeja01,SG,24,POR,3,0,4,0.3,0.7,0.5,0,0.3,0,0.3,0.3,1,0.5,0,0,,0.3,0.7,1,0.3,0,0,0,0.7,0.7
122,Cade Cunningham\cunnica01,PG,20,DET,41,41,32,6,15,0.397,2,6.2,0.328,3.9,8.8,0.446,0.465,1.8,2.1,0.86,0.9,4.5,5.5,5.2,1.3,0.7,3.5,3,15.8
123,Seth Curry\curryse01,SG,31,PHI,45,45,34.8,5.7,11.7,0.485,2.2,5.6,0.4,3.5,6.2,0.561,0.58,1.4,1.6,0.877,0.4,3,3.4,4,0.8,0.2,1.9,2.2,15
124,Stephen Curry\curryst01,PG,33,GSW,50,50,34.6,8.3,19.6,0.422,4.7,12.4,0.381,3.5,7.2,0.492,0.542,4.3,4.7,0.911,0.6,4.9,5.5,6.3,1.4,0.4,3.3,2,25.5
125,Anthony Davis\davisan02,C,28,LAL,35,35,35.6,9.4,17.5,0.537,0.3,1.8,0.172,9.1,15.7,0.579,0.546,4.4,6.1,0.712,2.9,7.1,10,2.9,1.3,2.3,2.2,2.5,23.5
126,Ed Davis\davised01,C,32,CLE,18,3,7.7,0.5,0.8,0.643,0,0,,0.5,0.8,0.643,0.643,0.2,0.4,0.375,0.4,2,2.4,0.2,0.2,0.4,0.3,1.4,1.2
127,Terence Davis\daviste02,SG,24,SAC,30,11,17.9,3.8,8.9,0.423,1.6,5,0.329,2.1,3.9,0.542,0.515,1.2,1.5,0.818,0.4,2.8,3.1,1.3,0.8,0.4,1.1,2.3,10.4
128,Gabriel Deck\deckga01,PF,26,OKC,7,0,8,1.1,2,0.571,0.3,0.6,0.5,0.9,1.4,0.6,0.643,0,0,,0.1,0.7,0.9,0.7,0.1,0,0.3,0.3,2.6
129,Dewayne Dedmon\dedmode01,C,32,MIA,48,15,16.5,2.6,4.4,0.582,0.3,0.6,0.536,2.3,3.9,0.589,0.617,1,1.3,0.781,1.8,4.4,6.2,0.8,0.4,0.5,1.1,2.4,6.5
130,Sam Dekker\dekkesa01,PF,27,TOR,1,0,1,0,0,,0,0,,0,0,,,0,0,,0,0,0,0,0,0,0,0,0
131,Javin DeLaurier\delauja01,C,23,MIL,1,0,3,0,0,,0,0,,0,0,,,0,0,,0,1,1,0,1,0,0,1,0
132,DeMar DeRozan\derozde01,PF,32,CHI,51,51,35.4,10,19.5,0.51,0.6,1.9,0.344,9.3,17.7,0.527,0.526,6.8,7.9,0.859,0.9,4.4,5.2,5.1,0.9,0.3,2.4,2.2,27.4
133,Mamadi Diakite\diakima01,PF,25,OKC,13,3,14.5,1.9,3.6,0.532,0,0.4,0,1.9,3.2,0.595,0.532,0.5,0.8,0.545,1.3,3.2,4.5,0.2,0.4,0.7,0.5,2.5,4.3
134,Cheick Diallo\diallch01,C,25,DET,3,0,10.3,1,2.7,0.375,0,0,,1,2.7,0.375,0.375,1.7,2,0.833,1.3,2.7,4,0,0.3,0,0.3,2,3.7
135,Hamidou Diallo\diallha01,SG,23,DET,47,28,22.4,4.5,9.1,0.496,0.4,1.6,0.25,4.1,7.5,0.55,0.519,1.5,2.3,0.667,1.3,3.5,4.8,1.2,1.2,0.3,1,2.6,11
136,Gorgui Dieng\dienggo01,C,32,ATL,35,3,9.2,1.2,2.6,0.473,0.6,1.4,0.42,0.6,1.2,0.537,0.588,0.5,0.7,0.739,0.9,2.2,3.1,0.8,0.3,0.3,0.5,1.3,3.5
137,Spencer Dinwiddie\dinwisp01,PG,28,WAS,44,44,30.2,4.2,11.2,0.376,1.6,5.1,0.31,2.6,6,0.432,0.447,2.6,3.3,0.811,0.8,3.9,4.7,5.8,0.6,0.2,1.7,2.4,12.6
138,Donte DiVincenzo\divindo01,SG,25,MIL,17,0,20.1,2.3,6.9,0.331,1.2,4.4,0.284,1.1,2.6,0.409,0.419,1.4,1.6,0.852,1.1,2.5,3.5,1.7,0.6,0.2,1.6,1.5,7.2
139,Luka Dončić\doncilu01,PG,22,DAL,40,40,35.1,9.4,21,0.445,2.5,7.9,0.316,6.9,13.1,0.523,0.505,5,6.7,0.736,0.9,8,8.9,9.2,1.2,0.5,4.3,2.4,26.2
140,Luguentz Dort\dortlu01,SF,22,OKC,49,49,32.7,5.7,14.1,0.404,2.5,7.6,0.332,3.2,6.4,0.491,0.494,3,3.6,0.851,0.8,3.4,4.2,1.8,0.9,0.4,1.8,2.9,17
141,Ayo Dosunmu\dosunay01,SG,22,CHI,50,16,24.7,3.1,6,0.517,0.9,2.2,0.409,2.2,3.8,0.58,0.592,0.7,1.1,0.661,0.3,2.3,2.6,2.7,0.6,0.4,1.2,2.1,7.8
142,Damyean Dotson\dotsoda01,SG,27,NYK,2,0,10.5,1,2,0.5,0,0.5,0,1,1.5,0.667,0.5,0,0,,0,1,1,0.5,0,0,0,0,2
143,Devon Dotson\dotsode01,PG,22,CHI,11,0,7.7,1,2.1,0.478,0.2,0.8,0.222,0.8,1.3,0.643,0.522,0.5,0.8,0.556,0.1,0.7,0.8,1.4,0.1,0,0.5,1,2.6
144,Sekou Doumbouya\doumbse01,PF,21,LAL,2,0,8,2.5,4,0.625,0.5,1,0.5,2,3,0.667,0.688,1.5,2,0.75,1,2,3,0,1.5,1,1,0.5,7
145,Jeff Dowtin\dowtije01,PG,24,TOT,5,0,6.2,0.6,1.4,0.429,0,0.4,0,0.6,1,0.6,0.429,0,0,,0.2,1.2,1.4,0.6,0,0.2,0.2,0.4,1.2
145,Jeff Dowtin\dowtije01,PG,24,GSW,4,0,7,0.8,1.5,0.5,0,0.3,0,0.8,1.3,0.6,0.5,0,0,,0.3,1.5,1.8,0.8,0,0.3,0.3,0.5,1.5
145,Jeff Dowtin\dowtije01,PG,24,MIL,1,0,3,0,1,0,0,1,0,0,0,,0,0,0,,0,0,0,0,0,0,0,0,0
146,PJ Dozier\doziepj01,SG,25,DEN,18,0,18.9,2,5.5,0.364,0.8,2.7,0.313,1.2,2.8,0.412,0.439,0.6,0.7,0.769,0.8,2.7,3.5,1.6,0.6,0.3,0.7,1.8,5.4
147,Goran Dragić\dragigo01,PG,35,TOR,5,2,18,2.6,6.8,0.382,0.8,2.8,0.286,1.8,4,0.45,0.441,2,2,1,0.4,2.4,2.8,1.8,1,0.2,0.2,1.6,8
148,Andre Drummond\drumman01,C,28,PHI,49,12,18.4,2.6,4.9,0.538,0,0,0,2.6,4.8,0.542,0.538,0.9,1.7,0.512,2.8,6.1,8.8,2,1.1,0.9,1.6,2.5,6.1
149,Chris Duarte\duartch01,SG,24,IND,48,36,29,5.1,11.7,0.435,1.7,4.8,0.359,3.4,6.9,0.488,0.509,1.7,2.1,0.792,0.7,3.5,4.2,2.2,1.1,0.2,1.6,1.7,13.6
150,David Duke Jr.\dukeda01,PG,22,BRK,15,7,18.2,2.3,6.1,0.374,0.5,2.1,0.258,1.7,4,0.433,0.418,1.1,1.3,0.842,1.9,2.1,4,1,0.7,0.4,0.5,1.9,6.1
151,Kevin Durant\duranke01,PF,33,BRK,36,36,36.5,10.5,20.3,0.52,1.9,5,0.372,8.7,15.3,0.568,0.566,6.3,7.1,0.894,0.6,6.9,7.4,5.8,0.8,0.9,3,1.9,29.3
152,Jaime Echenique\echenja01,C,24,WAS,1,0,3,0,0,,0,0,,0,0,,,0,0,,0,0,0,0,0,0,0,0,0
153,Anthony Edwards\edwaran01,SG,20,MIN,49,49,34.9,7.9,18.1,0.436,3.1,8.7,0.357,4.8,9.4,0.509,0.521,3.1,3.8,0.806,0.9,3.9,4.8,3.6,1.5,0.7,2.8,2.3,22
154,Kessler Edwards\edwarke02,SF,21,BRK,23,16,25.6,2.8,6.7,0.425,1.2,3.3,0.373,1.6,3.4,0.474,0.516,0.3,0.3,0.75,1.2,3.2,4.4,0.7,0.8,0.7,1.1,2,7.1
155,Rob Edwards\edwarro01,SG,25,OKC,2,0,5.5,0.5,2,0.25,0.5,2,0.25,0,0,,0.375,0,0,,0,1.5,1.5,0,0,0,0.5,0,1.5
156,CJ Elleby\ellebcj01,SF,21,POR,32,4,13.8,1.6,3.9,0.411,0.5,1.6,0.308,1.1,2.3,0.486,0.476,0.5,0.6,0.85,0.8,1.9,2.8,1.1,0.5,0.2,0.5,1.5,4.2
157,Wayne Ellington\ellinwa01,SG,34,LAL,34,9,19.3,2.1,5.4,0.399,1.9,4.9,0.392,0.2,0.5,0.471,0.577,0.1,0.1,0.8,0.3,1.4,1.7,0.7,0.5,0.1,0.4,1,6.3
158,Joel Embiid\embiijo01,C,27,PHI,42,42,33,9.6,19.3,0.498,1.3,3.6,0.358,8.3,15.7,0.53,0.531,8.9,11,0.812,2,8.9,10.9,4.3,1,1.4,2.9,2.6,29.4
159,James Ennis III\ennisja01,SF,31,TOT,7,0,8,1.6,3.4,0.458,0.4,1.1,0.375,1.1,2.3,0.5,0.521,0.6,0.7,0.8,0.7,1,1.7,0.4,0.3,0.3,0.3,0.7,4.1
159,James Ennis III\ennisja01,SF,31,BRK,2,0,7,1,3.5,0.286,0.5,1,0.5,0.5,2.5,0.2,0.357,0,0,,1,1.5,2.5,0,0.5,0.5,0,0,2.5
159,James Ennis III\ennisja01,SF,31,LAC,2,0,14,3.5,5.5,0.636,1,2,0.5,2.5,3.5,0.714,0.727,2,2,1,1,1.5,2.5,0,0.5,0.5,0.5,2,10
159,James Ennis III\ennisja01,SF,31,DEN,3,0,4.7,0.7,2,0.333,0,0.7,0,0.7,1.3,0.5,0.333,0,0.3,0,0.3,0.3,0.7,1,0,0,0.3,0.3,1.3
160,Drew Eubanks\eubandr01,C,24,SAS,49,9,12.1,1.7,3.2,0.528,0,0.2,0.125,1.7,3.1,0.55,0.531,1.2,1.6,0.747,1.3,2.7,4,1,0.3,0.6,0.9,1.2,4.7
161,Tacko Fall\fallta01,C,26,CLE,11,1,5.4,0.5,1.1,0.417,0,0,,0.5,1.1,0.417,0.417,0.2,0.6,0.286,0.6,1.5,2.1,0.2,0,0.5,0.3,0.3,1.1
162,Derrick Favors\favorde01,C,30,OKC,35,16,16.4,2.2,4.5,0.497,0.1,0.4,0.154,2.2,4.1,0.528,0.503,0.4,0.6,0.636,1.5,3.2,4.7,0.7,0.4,0.2,0.2,1.5,4.9
163,Bruno Fernando\fernabr01,C,23,BOS,20,0,2.9,0.4,0.7,0.5,0.1,0.1,1,0.3,0.7,0.462,0.536,0.2,0.3,0.8,0.4,0.4,0.8,0.2,0,0.2,0.3,0.3,1
164,Dorian Finney-Smith\finnedo01,PF,28,DAL,54,54,32.5,3.7,8.5,0.435,1.9,5.1,0.363,1.8,3.4,0.544,0.545,0.8,1.2,0.688,1.6,3.2,4.8,2,1.2,0.5,1.1,2.2,10.1
165,Malik Fitts\fittsma01,PF,24,UTA,7,0,5,0.3,1.3,0.222,0.3,0.6,0.5,0,0.7,0,0.333,0,0,,0,1.4,1.4,0,0,0,0.3,0.4,0.9
166,Malachi Flynn\flynnma01,PG,23,TOR,31,1,8.6,1.1,3.1,0.365,0.5,1.6,0.28,0.7,1.5,0.457,0.438,0.2,0.3,0.667,0.2,0.8,1,1,0.4,0.1,0.3,0.9,2.9
167,Bryn Forbes\forbebr01,SG,28,TOT,51,1,17.7,3.3,7.8,0.425,1.6,3.9,0.41,1.7,3.9,0.439,0.528,1,1.1,0.897,0.1,1.4,1.5,1.1,0.4,0.1,0.8,1.3,9.3
167,Bryn Forbes\forbebr01,SG,28,SAS,40,1,16.9,3.2,7.4,0.432,1.6,3.8,0.417,1.6,3.6,0.448,0.539,1.1,1.2,0.898,0.1,1.5,1.6,1,0.4,0.1,0.8,1.1,9.1
167,Bryn Forbes\forbebr01,SG,28,DEN,11,0,20.5,3.7,9.3,0.402,1.7,4.5,0.388,2,4.8,0.415,0.495,0.7,0.8,0.889,0.2,1,1.2,1.3,0.1,0,0.5,2,9.9
168,Aleem Ford\fordal03,SF,24,ORL,5,0,14.8,1.2,4,0.3,0.4,3,0.133,0.8,1,0.8,0.35,0,0,,0.4,2.6,3,0.4,0.2,0,0.8,1.4,2.8
169,Trent Forrest\forretr01,PG,23,UTA,43,4,12,1.2,2.2,0.552,0.1,0.3,0.2,1.2,1.9,0.617,0.568,0.6,0.7,0.781,0.3,1.3,1.7,1.4,0.5,0.1,0.8,0.7,3.1
170,Evan Fournier\fournev01,SG,29,NYK,53,53,29,5.2,12,0.429,2.9,7.2,0.402,2.3,4.8,0.471,0.55,1,1.4,0.716,0.5,2.4,3,1.8,0.9,0.2,1.4,2.1,14.2
171,De'Aaron Fox\foxde01,PG,24,SAC,45,45,34.2,8,17.3,0.46,1,3.7,0.269,7,13.6,0.512,0.489,4.4,5.8,0.749,0.5,3.5,3.9,5.1,1.2,0.4,2.8,2.8,21.3
172,Tim Frazier\fraziti01,PG,31,ORL,10,3,20,1.3,4.3,0.302,0.6,1.7,0.353,0.7,2.6,0.269,0.372,0.5,0.9,0.556,0.5,1.4,1.9,3.3,0.3,0.1,1.3,2.4,3.7
173,Enes Freedom\kanteen01,C,29,BOS,35,1,11.7,1.5,2.8,0.526,0.1,0.1,0.4,1.4,2.6,0.533,0.536,0.7,0.8,0.857,1.7,2.8,4.6,0.2,0.1,0.4,0.6,1.2,3.7
174,Wenyen Gabriel\gabriwe01,PF,24,TOT,7,0,6.7,0.7,1.9,0.385,0.3,0.7,0.4,0.4,1.1,0.375,0.462,0.3,0.6,0.5,0.7,1.4,2.1,0.3,0.1,0.3,0.4,1.6,2
174,Wenyen Gabriel\gabriwe01,PF,24,BRK,1,0,1,0,0,,0,0,,0,0,,,0,0,,0,1,1,0,0,0,0,0,0
174,Wenyen Gabriel\gabriwe01,PF,24,LAC,6,0,7.7,0.8,2.2,0.385,0.3,0.8,0.4,0.5,1.3,0.375,0.462,0.3,0.7,0.5,0.8,1.5,2.3,0.3,0.2,0.3,0.5,1.8,2.3
175,Daniel Gafford\gaffoda01,C,23,WAS,48,46,20.6,3.8,5.6,0.678,0,0,,3.8,5.6,0.678,0.678,1.4,1.8,0.756,2.3,3.8,6,1,0.4,1.5,0.9,2.4,8.9
176,Danilo Gallinari\gallida01,PF,33,ATL,43,1,23.2,3.2,7.7,0.421,1.6,4,0.387,1.7,3.7,0.459,0.523,2.2,2.4,0.913,0.5,3.9,4.4,1.4,0.5,0.2,0.6,1.5,10.2
177,Langston Galloway\gallola01,SG,30,TOT,7,0,15.3,0.9,3.7,0.231,0.3,2.3,0.125,0.6,1.4,0.4,0.269,0,0,,0.4,2.1,2.6,1.7,0.1,0,0.9,1,2
177,Langston Galloway\gallola01,SG,30,BRK,4,0,14.5,1.3,3.3,0.385,0.5,2,0.25,0.8,1.3,0.6,0.462,0,0,,0.3,1.8,2,1.3,0,0,1.3,1.3,3
177,Langston Galloway\gallola01,SG,30,MIL,3,0,16.3,0.3,4.3,0.077,0,2.7,0,0.3,1.7,0.2,0.077,0,0,,0.7,2.7,3.3,2.3,0.3,0,0.3,0.7,0.7
178,Darius Garland\garlada01,PG,22,CLE,45,45,34.6,7.6,16,0.474,2.5,6.8,0.375,5.1,9.3,0.547,0.553,2.2,2.4,0.907,0.5,2.8,3.3,8.1,1.2,0.1,3.7,1.7,19.9
179,Marcus Garrett\garrema01,SG,23,MIA,12,0,10.7,0.4,1.8,0.238,0.1,0.3,0.25,0.3,1.4,0.235,0.262,0.2,0.4,0.4,0.8,1.2,1.9,0.6,0.4,0.3,0.2,1.3,1.1
180,Usman Garuba\garubus01,PF,19,HOU,15,0,7,0.5,1.6,0.333,0.1,0.9,0.154,0.4,0.7,0.545,0.375,0.1,0.1,0.5,0.6,1.7,2.3,0.5,0.5,0.4,0.2,0.6,1.3
181,Luka Garza\garzalu01,C,23,DET,27,5,12.1,1.9,4.3,0.436,0.5,1.5,0.325,1.4,2.9,0.494,0.491,1,1.6,0.643,1.7,1.3,3.1,0.6,0.3,0.1,0.6,1.7,5.3
182,Rudy Gay\gayru01,PF,35,UTA,35,1,20,3.1,7.3,0.418,1.4,4.1,0.34,1.7,3.2,0.518,0.514,1.4,1.8,0.79,1,3.6,4.6,1.1,0.6,0.3,0.9,1.9,8.9
183,Paul George\georgpa01,SF,31,LAC,26,26,35.5,9,21.4,0.421,2.7,8.3,0.323,6.3,13,0.484,0.484,4,4.5,0.88,0.4,6.7,7.1,5.5,2,0.4,4.2,2.5,24.7
184,Taj Gibson\gibsota01,C,36,NYK,35,4,17.9,1.4,2.7,0.516,0.2,0.5,0.333,1.2,2.2,0.558,0.547,0.7,0.9,0.742,1.5,2.7,4.3,0.7,0.5,0.8,0.6,2.7,3.6
185,Josh Giddey\giddejo01,SG,19,OKC,49,49,31.3,5.1,12.2,0.416,1,4,0.253,4.1,8.2,0.498,0.458,0.9,1.3,0.697,1.8,5.8,7.6,6.2,1,0.4,3.1,1.7,12.1
186,Shai Gilgeous-Alexander\gilgesh01,PG,23,OKC,43,43,34.6,7.8,18.3,0.424,1.6,5.6,0.278,6.2,12.7,0.488,0.466,5.6,6.9,0.811,0.7,4,4.7,5.5,1.1,0.8,2.4,2.3,22.7
187,Anthony Gill\gillan01,PF,29,WAS,21,0,5.8,0.9,1.3,0.667,0.2,0.3,0.714,0.6,1,0.65,0.759,0.6,0.7,0.857,0.4,0.8,1.2,0.4,0,0.1,0.2,0.9,2.5
188,Freddie Gillespie\gillefr01,PF,24,ORL,9,2,13.2,1,2.4,0.409,0,0.1,0,1,2.3,0.429,0.409,0.3,0.8,0.429,1.4,2.6,4,0.6,0.3,1,0.6,2,2.3
189,Rudy Gobert\goberru01,C,29,UTA,42,42,32.5,5.6,8,0.707,0,0,0,5.6,7.9,0.712,0.707,4.7,6.8,0.69,3.7,11.4,15.1,1.2,0.8,2.3,1.8,2.7,16
190,Brandon Goodwin\goodwbr01,PG,26,CLE,15,3,16.7,2.2,5.7,0.388,0.8,2.1,0.375,1.4,3.5,0.396,0.459,0.5,0.9,0.5,0.5,2,2.5,3.3,1.1,0,1.1,1.5,5.7
191,Jordan Goodwin\goodwjo01,SG,23,WAS,2,0,3,0,1.5,0,0,0.5,0,0,1,0,0,0,0,,0,0.5,0.5,0,0,0,0,0.5,0
192,Aaron Gordon\gordoaa01,PF,26,DEN,49,49,31.7,5.7,10.9,0.52,1.2,3.5,0.337,4.5,7.4,0.607,0.574,2.2,3,0.733,1.7,4,5.7,2.6,0.7,0.6,1.7,1.8,14.7
193,Eric Gordon\gordoer01,SG,33,HOU,45,34,29.5,5,10.2,0.491,2.2,5.2,0.427,2.8,5,0.558,0.6,1.9,2.6,0.757,0.3,1.7,2,3,0.5,0.4,2,1,14.2
194,Devonte' Graham\grahade01,PG,26,NOP,50,50,31.3,4.5,12.3,0.363,2.9,8.3,0.348,1.6,3.9,0.396,0.481,1.7,2.1,0.845,0.4,2.1,2.5,4.5,0.9,0.2,1.6,1.4,13.6
195,Jerami Grant\grantje01,PF,27,DET,29,29,32.6,6.3,15.5,0.404,1.8,5.3,0.331,4.5,10.2,0.443,0.461,4.8,5.8,0.832,0.8,3.7,4.5,2.5,1,1,2,2.2,19.1
196,Hassani Gravett\graveha01,PG,25,ORL,8,3,21.4,2.3,4.8,0.474,1.4,3.3,0.423,0.9,1.5,0.583,0.618,0.4,0.5,0.75,0.1,2.5,2.6,2.5,0.6,0.1,1.1,1.6,6.3
197,Danny Green\greenda02,SF,34,PHI,36,23,23.4,2.3,5.7,0.412,1.8,4.8,0.386,0.5,0.9,0.545,0.574,0.3,0.3,0.9,0.5,2,2.6,1,1.1,0.8,0.9,1.7,6.8
198,Draymond Green\greendr01,PF,31,GSW,34,34,29.9,3.2,5.9,0.537,0.4,1.2,0.286,2.8,4.7,0.604,0.567,1.2,2,0.597,1.1,6.4,7.6,7.4,1.4,1.2,3.1,2.8,7.9
199,Jalen Green\greenja05,SG,19,HOU,39,39,30.2,4.7,12.6,0.377,1.8,6.1,0.29,3,6.5,0.458,0.447,3.1,3.6,0.838,0.4,2.9,3.3,2.4,0.6,0.2,2.3,1.5,14.3
200,JaMychal Green\greenja01,PF,31,DEN,41,7,14.7,2.2,4.9,0.46,0.6,2.1,0.264,1.7,2.8,0.611,0.518,1.2,1.3,0.873,0.9,2.7,3.6,0.9,0.7,0.4,0.9,2.2,6.2
201,Javonte Green\greenja02,SF,28,CHI,39,28,23.6,2.6,4.9,0.526,0.4,1.4,0.283,2.2,3.6,0.619,0.565,1.5,1.8,0.819,1.6,2.7,4.2,1.1,0.9,0.6,0.5,2.2,7.1
202,Jeff Green\greenje02,C,35,DEN,50,38,24.6,3.7,7.3,0.514,0.7,2.2,0.321,3,5,0.599,0.563,2.1,2.5,0.817,0.6,2.6,3.1,1.2,0.3,0.4,0.9,2.2,10.3
203,Josh Green\greenjo02,SG,21,DAL,40,0,13.8,1.8,3.5,0.518,0.3,0.8,0.313,1.6,2.7,0.579,0.554,0.6,0.9,0.714,0.7,1.4,2.1,1.3,0.7,0.2,0.5,1.6,4.5
204,Blake Griffin\griffbl01,PF,32,BRK,43,22,18.6,2.5,6.1,0.413,0.7,2.8,0.23,1.9,3.3,0.57,0.466,1,1.4,0.733,1.2,3.3,4.5,2.1,0.5,0.3,0.5,1.8,6.7
205,Quentin Grimes\grimequ01,SG,21,NYK,35,2,15.9,2,4.9,0.407,1.5,3.9,0.382,0.5,1,0.5,0.558,0.2,0.3,0.727,0.5,1.3,1.7,0.9,0.7,0.2,0.6,1.3,5.7
206,Kyle Guy\guyky01,SG,24,MIA,14,0,12.5,1.9,4.3,0.433,1,2.5,0.4,0.9,1.8,0.48,0.55,0.5,0.7,0.7,0.1,0.8,0.9,1.2,0.5,0.1,0.9,0.9,5.2
207,Rui Hachimura\hachiru01,PF,23,WAS,14,0,17.9,2.9,6.7,0.436,0.8,2.1,0.379,2.1,4.6,0.462,0.495,1.1,1.5,0.762,0.4,3.3,3.6,0.9,0.3,0.2,0.6,1,7.8
208,Tyrese Haliburton\halibty01,SG,21,SAC,51,51,34.5,5.3,11.5,0.457,2,4.9,0.413,3.2,6.5,0.491,0.546,1.7,2,0.837,0.8,3.1,3.9,7.4,1.7,0.7,2.3,1.4,14.3
209,Tyler Hall\hallty01,SG,24,NYK,1,0,2,0,0,,0,0,,0,0,,,0,0,,0,0,0,0,0,0,0,0,0
210,R.J. Hampton\hamptrj01,SG,20,ORL,42,1,19.4,2.5,6.7,0.382,0.9,2.5,0.364,1.6,4.1,0.393,0.452,1.1,1.9,0.608,0.3,2.6,2.9,2.4,0.7,0.2,1.3,1.5,7.2
211,Tim Hardaway Jr.\hardati02,SG,29,DAL,42,20,29.6,5,12.6,0.394,2.4,7.2,0.336,2.5,5.4,0.473,0.491,1.9,2.5,0.757,0.3,3.4,3.7,2.2,0.9,0.1,0.8,1.8,14.2
212,James Harden\hardeja01,PG,32,BRK,44,44,37,6.6,16,0.414,2.3,7,0.332,4.3,9.1,0.476,0.486,6.9,8,0.869,1,7,8,10.2,1.3,0.7,4.8,2.4,22.5
213,Maurice Harkless\harklma01,SF,28,SAC,38,19,19.4,1.9,4.3,0.444,0.7,2.4,0.297,1.2,1.9,0.634,0.528,0.4,0.6,0.714,0.3,2.1,2.4,0.6,0.6,0.6,0.7,1.7,4.9
214,Jared Harper\harpeja01,PG,24,NOP,2,0,5,1.5,3.5,0.429,0.5,1,0.5,1,2.5,0.4,0.5,0,0,,0.5,0,0.5,1.5,0,0.5,0.5,1,3.5
215,Montrezl Harrell\harremo01,C,28,WAS,46,3,24.3,5.4,8.3,0.645,0.1,0.3,0.267,5.3,8,0.66,0.65,3.2,4.5,0.727,2.1,4.6,6.7,2.1,0.4,0.7,1.1,1.9,14.1
216,Gary Harris\harriga01,SG,27,ORL,48,30,29.5,4.2,9.5,0.444,1.9,4.9,0.388,2.3,4.5,0.505,0.545,1.4,1.6,0.844,0.6,1.6,2.2,1.9,0.8,0.2,1,1.9,11.7
217,Joe Harris\harrijo01,SF,30,BRK,14,14,30.2,4,8.9,0.452,2.9,6.3,0.466,1.1,2.6,0.417,0.617,0.4,0.4,0.833,0.4,3.6,4,1,0.5,0.1,1.1,2.2,11.3
218,Tobias Harris\harrito02,PF,29,PHI,45,45,35.4,7.4,15.2,0.488,1.2,3.5,0.346,6.2,11.7,0.53,0.528,3.1,3.6,0.853,1.1,6.2,7.3,3.8,0.6,0.6,1.8,2,19.1
219,Shaquille Harrison\harrish01,SG,28,BRK,2,0,11.5,1,3,0.333,0,1,0,1,2,0.5,0.333,0,0,,0.5,1.5,2,1.5,0.5,0.5,1,1.5,2
220,Josh Hart\hartjo01,PF,26,NOP,41,40,33.5,4.8,9.4,0.505,1,3.2,0.323,3.7,6.2,0.598,0.56,2.8,3.8,0.753,1.3,6.5,7.8,4.1,1.1,0.3,2,2.9,13.4
221,Isaiah Hartenstein\harteis01,C,23,LAC,42,0,16,3.2,5.1,0.624,0.1,0.1,0.5,3.1,4.9,0.628,0.631,1.2,1.7,0.681,1.6,2.7,4.3,1.9,0.7,1.1,1,2.5,7.6
222,Udonis Haslem\hasleud01,C,41,MIA,9,0,6.3,1.2,2.4,0.5,0.1,0.2,0.5,1.1,2.2,0.5,0.523,0.3,0.3,1,0.4,1.6,2,0.3,0.1,0.1,0.3,1.2,2.9
223,Sam Hauser\hausesa01,SF,24,BOS,10,0,4.1,0.4,1.4,0.286,0.4,1.4,0.286,0,0,,0.429,0,0,,0.1,0.5,0.6,0.1,0.1,0.1,0,0.4,1.2
224,Jaxson Hayes\hayesja02,C,21,NOP,42,4,16.4,3.2,5,0.63,0.2,0.6,0.28,3,4.4,0.677,0.647,1.9,2.5,0.771,1.4,2.7,4,0.5,0.4,0.8,0.8,2.2,8.4
225,Killian Hayes\hayeski01,PG,20,DET,42,33,25,2.4,6.5,0.365,0.7,2.6,0.278,1.7,4,0.422,0.42,0.9,1.1,0.809,0.5,2.5,3,4,1.1,0.5,1.7,2.6,6.4
226,Gordon Hayward\haywago01,SF,31,CHO,48,48,32.2,5.9,12.7,0.46,1.8,4.5,0.39,4.1,8.2,0.499,0.529,2.6,3.1,0.846,0.8,3.8,4.6,3.6,1,0.5,1.7,1.8,16.1
227,Aaron Henry\henryaa01,SF,22,PHI,6,0,2.8,0.2,0.8,0.2,0,0.2,0,0.2,0.7,0.25,0.2,0,0,,0,0.2,0.2,0,0,0.3,0.3,0.3,0.3
228,Juancho Hernangómez\hernaju01,PF,26,TOT,23,0,6.4,0.3,1.4,0.212,0.1,0.9,0.143,0.2,0.5,0.333,0.258,0.4,0.6,0.692,0.6,1.2,1.7,0.3,0.2,0.1,0.3,0.3,1.1
228,Juancho Hernangómez\hernaju01,PF,26,BOS,18,0,5.3,0.3,1.5,0.185,0.2,1,0.167,0.1,0.5,0.222,0.241,0.3,0.5,0.667,0.5,0.9,1.4,0.2,0.2,0.1,0.3,0.4,1.1
228,Juancho Hernangómez\hernaju01,PF,26,SAS,5,0,10.2,0.4,1.2,0.333,0,0.6,0,0.4,0.6,0.667,0.333,0.6,0.8,0.75,0.8,2.2,3,0.6,0.2,0.2,0.4,0,1.4
229,Willy Hernangómez\hernawi01,C,27,NOP,28,6,16.7,3.5,6.5,0.536,0.1,0.3,0.429,3.4,6.3,0.54,0.544,2.1,2.8,0.753,2.8,4.3,7.1,1.3,0.4,0.3,1,1.9,9.2
230,Tyler Herro\herroty01,SG,22,MIA,45,10,32.9,7.5,17.4,0.428,2.6,6.8,0.378,4.9,10.6,0.46,0.502,2.6,3,0.873,0.6,4.2,4.8,4,0.6,0.2,2.8,1.5,20.1
231,Buddy Hield\hieldbu01,SG,29,SAC,55,6,28.6,4.8,12.6,0.382,3.3,9,0.368,1.5,3.6,0.419,0.514,1.5,1.7,0.87,0.8,3.2,4,1.9,0.9,0.3,1.6,2.1,14.4
232,Haywood Highsmith\highsha01,SF,25,MIA,4,0,10.5,1,2,0.5,1,1.8,0.571,0,0.3,0,0.75,0,0,,0.5,0.8,1.3,0,0,0.3,0,0.8,3
233,George Hill\hillge01,SG,35,MIL,41,16,25.5,2.5,5.7,0.436,0.9,2.9,0.316,1.6,2.9,0.556,0.515,1.2,1.2,0.96,0.9,2.4,3.2,2.5,0.8,0.1,0.9,1.4,7
234,Malcolm Hill\hillma01,SF-SG,26,TOT,14,0,12.6,1.5,3.1,0.488,0.9,2.1,0.414,0.6,1,0.643,0.628,0.7,0.9,0.833,0.7,1.2,1.9,0.3,0.4,0.2,0.1,1.4,4.6
234,Malcolm Hill\hillma01,SG,26,ATL,3,0,15.3,1.7,2.7,0.625,1,1.7,0.6,0.7,1,0.667,0.813,1.3,1.3,1,0.7,1.3,2,0.3,1.3,0.3,0,2.3,5.7
234,Malcolm Hill\hillma01,SF,26,CHI,11,0,11.8,1.5,3.2,0.457,0.8,2.2,0.375,0.6,1,0.636,0.586,0.5,0.7,0.75,0.7,1.2,1.9,0.3,0.2,0.2,0.2,1.2,4.3
235,Solomon Hill\hillso01,PF,30,ATL,13,1,10.7,0.2,1.5,0.15,0.2,1,0.154,0.1,0.5,0.143,0.2,0,0,,0.5,1.3,1.8,0.9,0.3,0.2,0.1,1.2,0.6
236,Nate Hinton\hintona01,SG,22,IND,2,0,1,0,0.5,0,0,0,,0,0.5,0,0,0,0,,0,0,0,0,0,0,0.5,0,0
237,Jaylen Hoard\hoardja01,SF,22,OKC,1,0,2,0,1,0,0,0,,0,1,0,0,0,0,,1,1,2,0,0,0,0,0,0
238,Aaron Holiday\holidaa01,PG,25,WAS,41,14,16.2,2.4,5.2,0.467,0.6,1.6,0.343,1.9,3.6,0.524,0.521,0.7,0.9,0.8,0.2,1.4,1.6,1.9,0.6,0.2,1,1.5,6.1
239,Jrue Holiday\holidjr01,PG,31,MIL,43,40,32.7,7.2,14.2,0.503,1.8,4.5,0.395,5.4,9.7,0.554,0.566,1.8,2.3,0.76,1,3.7,4.7,6.7,1.5,0.6,2.7,1.9,17.9
240,Justin Holiday\holidju01,SF-SG,32,TOT,50,41,28.9,3.8,9.4,0.409,2.5,6.8,0.371,1.3,2.5,0.512,0.545,0.7,0.9,0.837,0.4,2.4,2.7,1.9,0.8,0.4,1.1,2.1,10.9
240,Justin Holiday\holidju01,SF,32,IND,49,40,28.9,3.9,9.3,0.415,2.6,6.9,0.378,1.3,2.5,0.516,0.553,0.7,0.8,0.829,0.4,2.4,2.8,1.8,0.7,0.4,1,2.1,11
240,Justin Holiday\holidju01,SG,32,SAC,1,1,30,2,11,0.182,0,6,0,2,5,0.4,0.182,2,2,1,1,1,2,4,2,1,5,2,6
241,Richaun Holmes\holmeri01,C,28,SAC,38,37,25.3,4.9,7.2,0.684,0.1,0.1,0.4,4.8,7,0.689,0.688,1.7,2.2,0.765,2.2,5.5,7.7,1.2,0.4,1,1.3,3,11.6
242,Rodney Hood\hoodro01,SF,29,MIL,39,0,14.9,1.2,3.4,0.351,0.6,2.1,0.3,0.6,1.3,0.431,0.443,0.3,0.4,0.929,0.3,1.4,1.7,0.8,0.3,0.1,0.2,0.7,3.3
243,Scotty Hopson\hopsosc01,SG,32,OKC,1,0,18,2,4,0.5,0,1,0,2,3,0.667,0.5,0,0,,0,1,1,1,0,0,2,1,4
244,Al Horford\horfoal01,C,35,BOS,47,47,28.4,3.8,8.7,0.435,1.2,4,0.293,2.6,4.7,0.557,0.502,1.3,1.6,0.84,1.6,5.9,7.5,3.4,0.6,1.3,1,1.9,10
245,Talen Horton-Tucker\hortota01,SG,21,LAL,40,15,25.7,3.6,8.8,0.41,0.8,3,0.269,2.8,5.8,0.483,0.456,1.5,1.9,0.797,0.6,2.7,3.2,2.7,0.9,0.5,1.5,2.5,9.5
246,Danuel House Jr.\houseda01,SF,28,TOT,24,2,15.5,1.8,4.8,0.386,0.8,2.5,0.339,1,2.3,0.436,0.474,1.1,1.4,0.818,0.3,2.2,2.5,1.3,0.4,0.3,0.9,1,5.6
246,Danuel House Jr.\houseda01,SF,28,HOU,16,1,14.6,1.6,4.6,0.338,0.6,2.1,0.294,0.9,2.5,0.375,0.405,1.1,1.2,0.895,0.3,2.4,2.7,1.2,0.3,0.3,1.1,1,4.8
246,Danuel House Jr.\houseda01,SF,28,NYK,1,0,3,0,1,0,0,1,0,0,0,,0,0,0,,0,0,0,0,0,0,0,0,0
246,Danuel House Jr.\houseda01,SF,28,UTA,7,1,19.3,2.7,5.6,0.487,1.4,3.4,0.417,1.3,2.1,0.6,0.615,1.4,2,0.714,0.6,2,2.6,1.6,0.7,0.4,0.6,1.3,8.3
247,Dwight Howard\howardw01,C,36,LAL,41,11,14.5,1.9,3,0.621,0.1,0.2,0.667,1.7,2.8,0.617,0.645,1.3,2.1,0.612,1.9,3.5,5.4,0.5,0.7,0.6,0.8,2,5.2
248,Markus Howard\howarma02,SG,22,DEN,22,0,6.1,1.2,3.3,0.37,1,2.4,0.434,0.2,0.9,0.2,0.527,0.6,0.6,0.929,0,0.3,0.3,0.3,0.3,0,0.3,0.5,4.1
249,Kevin Huerter\huertke01,SG,23,ATL,47,33,29.1,4.5,9.8,0.463,1.9,5,0.377,2.6,4.8,0.554,0.56,0.6,0.7,0.8,0.4,2.7,3.2,2.8,0.6,0.3,1.3,2.2,11.6
250,Jay Huff\huffja01,C,23,LAL,4,0,5,0,0.8,0,0,0.5,0,0,0.3,0,0,0,0,,0.3,0.8,1,0.3,0.3,0.3,0.3,0.3,0
251,Elijah Hughes\hugheel01,SF,23,UTA,14,1,8,1.1,2.6,0.417,0.7,2,0.357,0.4,0.6,0.625,0.556,0.2,0.2,1,0.1,1.1,1.2,0.4,0.3,0.1,0.5,0.5,3.1
252,De'Andre Hunter\huntede01,SF,24,ATL,26,25,28.7,4.8,10.5,0.453,1.4,3.5,0.407,3.3,7,0.475,0.52,2.1,3,0.701,0.4,3,3.4,1.3,0.6,0.4,1.5,2.8,13
253,Chandler Hutchison\hutchch01,SF,25,PHO,6,0,3.7,0.2,0.3,0.5,0,0,,0.2,0.3,0.5,0.5,0.3,0.3,1,0,0.8,0.8,0.3,0,0,0.7,0.2,0.7
254,Bones Hyland\hylanbo01,PG,21,DEN,42,0,17.7,2.9,7.9,0.366,1.7,4.9,0.348,1.2,3.1,0.395,0.473,1.1,1.3,0.889,0.2,2.5,2.7,2,0.5,0.3,1.2,2.1,8.6
255,Serge Ibaka\ibakase01,C,32,LAC,35,10,15.4,2.7,5.5,0.49,0.7,1.8,0.387,2,3.7,0.538,0.552,0.6,0.8,0.69,1.1,3.1,4.3,1,0.2,0.7,0.9,1.6,6.6
256,Andre Iguodala\iguodan01,SF,38,GSW,26,0,19.9,1.5,3.9,0.392,0.5,2.3,0.23,1,1.6,0.634,0.461,0.5,0.6,0.813,0.7,2.6,3.3,3.8,0.8,0.8,0.9,1,4.1
257,Joe Ingles\inglejo01,SF,34,UTA,45,15,24.9,2.6,6.3,0.404,1.7,5,0.347,0.8,1.3,0.617,0.54,0.4,0.5,0.773,0.3,2.6,2.9,3.5,0.5,0.1,1,1.8,7.2
258,Brandon Ingram\ingrabr01,SF,24,NOP,40,40,34.5,8.3,18.5,0.45,1.6,4.5,0.348,6.8,14,0.483,0.493,4.7,5.7,0.82,0.7,5.1,5.8,5.5,0.7,0.5,2.6,2,22.9
259,Kyrie Irving\irvinky01,PG,29,BRK,12,12,35.6,9,19.8,0.456,2.4,6.6,0.367,6.6,13.2,0.5,0.517,2.8,3,0.917,0.7,4.1,4.8,5.3,1.1,0.6,2.4,2.3,23.2
260,Wes Iwundu\iwundwe01,SF,27,ATL,3,1,27.3,2.7,6,0.444,1,1.7,0.6,1.7,4.3,0.385,0.528,1,1.3,0.75,1,3.3,4.3,0,0.3,0,0.3,2.7,7.3
261,Frank Jackson\jacksfr01,PG,23,DET,41,5,22.7,4,9.4,0.422,1.8,5.5,0.33,2.1,3.8,0.554,0.52,1.4,1.8,0.792,0.3,1.3,1.7,1,0.5,0.2,0.8,1.8,11.1
262,Isaiah Jackson\jacksis01,PF,20,IND,19,2,9.5,2.1,4,0.526,0.2,0.4,0.429,1.9,3.6,0.536,0.546,1.1,1.6,0.677,1.2,1.6,2.8,0.4,0.4,0.8,0.5,1.8,5.5
263,Jaren Jackson Jr.\jacksja02,PF,22,MEM,55,55,27.9,5.8,13.7,0.424,1.7,5.4,0.318,4.1,8.3,0.492,0.486,3.5,4.4,0.802,1.5,4.5,6,1.1,1,2.2,1.7,3.4,16.8
264,Josh Jackson\jacksjo02,SF,24,DET,39,3,18.1,2.6,6.4,0.41,0.8,2.9,0.265,1.9,3.5,0.529,0.47,1,1.4,0.714,0.4,2.7,3.2,1.3,0.5,0.5,1,1.8,7.1
265,Justin Jackson\jacksju01,SF,26,TOT,7,0,5.3,0.7,2.1,0.333,0.4,1.3,0.333,0.3,0.9,0.333,0.433,0.3,0.3,1,0.1,0.9,1,0.3,0,0,0.1,0.4,2.1
265,Justin Jackson\jacksju01,SF,26,BOS,1,0,2,0,1,0,0,0,,0,1,0,0,2,2,1,0,0,0,0,0,0,0,0,2
265,Justin Jackson\jacksju01,SF,26,PHO,6,0,5.8,0.8,2.3,0.357,0.5,1.5,0.333,0.3,0.8,0.4,0.464,0,0,,0.2,1,1.2,0.3,0,0,0.2,0.5,2.2
266,Reggie Jackson\jacksre01,SG,31,LAC,52,52,30.5,6.2,15.7,0.394,2.4,7.2,0.331,3.8,8.6,0.446,0.469,1.7,2,0.857,0.5,2.9,3.3,4.1,0.8,0.1,2.2,1.9,16.5
267,LeBron James\jamesle01,SF,37,LAL,39,39,36.7,11,21,0.526,2.8,7.8,0.354,8.3,13.2,0.628,0.592,4.2,5.6,0.753,1.1,6.6,7.7,6.5,1.6,1,3.2,2.3,29.1
268,DeJon Jarreau\jarrede01,SG,24,IND,1,0,1,0,0,,0,0,,0,0,,,0,0,,0,0,0,0,0,0,0,0,0
269,DaQuan Jeffries\jeffrda01,SG,24,MEM,3,0,3,0.3,0.7,0.5,0,0.3,0,0.3,0.3,1,0.5,0,0,,0,0.7,0.7,0.3,0,0,0,0.3,0.7
270,Ty Jerome\jeromty01,SG,24,OKC,45,4,16.6,2.6,6.8,0.386,1.1,3.9,0.293,1.5,3,0.507,0.469,0.8,0.9,0.833,0.4,1.2,1.6,2.2,0.6,0.1,0.8,1.6,7.2
271,Isaiah Joe\joeis01,SG,22,PHI,38,1,12.9,1.3,3.6,0.355,0.9,2.8,0.33,0.4,0.8,0.438,0.482,0.5,0.6,0.952,0.1,1.1,1.2,0.7,0.3,0.1,0.3,1,4
272,Alize Johnson\johnsal02,PF,25,TOT,19,0,7.3,0.7,1.5,0.483,0,0.2,0,0.7,1.3,0.56,0.483,0.2,0.4,0.5,1.1,1.4,2.5,0.4,0.2,0,0.6,0.8,1.7
272,Alize Johnson\johnsal02,PF,25,CHI,16,0,7.6,0.8,1.4,0.522,0,0.1,0,0.8,1.3,0.571,0.522,0.3,0.4,0.571,1,1.3,2.3,0.5,0.2,0,0.5,0.9,1.8
272,Alize Johnson\johnsal02,PF,25,WAS,3,0,6,0.7,2,0.333,0,0.7,0,0.7,1.3,0.5,0.333,0,0.3,0,1.7,2.3,4,0,0,0,1,0,1.3
273,B.J. Johnson\johnsbj01,SF,26,ORL,4,0,16.3,2.8,6.3,0.44,1,2.5,0.4,1.8,3.8,0.467,0.52,0,0,,1.5,2.3,3.8,0,0,0.3,0,1,6.5
274,Cameron Johnson\johnsca02,PF,25,PHO,51,10,26,4.1,8.9,0.456,2.5,5.8,0.429,1.6,3.1,0.506,0.595,1.2,1.4,0.849,0.6,3.6,4.2,1.2,0.9,0.2,0.6,1.7,11.9
275,David Johnson\johnsda08,SG,20,TOR,2,0,1,0,0.5,0,0,0.5,0,0,0,,0,0,0,,0,0,0,0,0,0,0,0,0
276,Jalen Johnson\johnsja05,PF,20,ATL,13,0,4.5,0.7,1.5,0.474,0.2,0.5,0.429,0.5,0.9,0.5,0.553,0.3,0.5,0.667,0,1.2,1.2,0.1,0,0,0.2,0.2,1.9
277,James Johnson\johnsja01,PF,34,BRK,39,5,18.8,2.4,5,0.485,0.3,1.2,0.283,2.1,3.8,0.547,0.518,0.3,0.7,0.379,1,2.5,3.5,1.9,0.5,0.4,0.7,2.3,5.5
278,Joe Johnson\johnsjo02,SG,40,BOS,1,0,2,1,1,1,0,0,,1,1,1,1,0,0,,0,0,0,0,0,0,0,0,2
279,Keldon Johnson\johnske04,SF,22,SAS,51,50,31.1,5.8,12.5,0.466,1.9,4.4,0.427,3.9,8,0.488,0.542,1.9,2.7,0.715,1,5.1,6.1,1.8,0.7,0.1,1.3,1.8,15.4
280,Keon Johnson\johnske07,SG,19,LAC,15,0,9,1.1,3.4,0.333,0.2,0.7,0.273,0.9,2.7,0.35,0.363,1.1,1.4,0.762,0.4,1,1.4,0.9,0.5,0.1,0.5,1.4,3.5
281,Stanley Johnson\johnsst04,PF,25,LAL,22,12,22.4,2.5,5.1,0.487,0.7,2.3,0.32,1.8,2.9,0.619,0.558,1,1.4,0.677,0.7,2.6,3.3,1.3,0.8,0.5,0.6,3,6.7
282,Tyler Johnson\johnsty01,PG,29,TOT,6,0,15.2,1,3.3,0.3,0.8,2.2,0.385,0.2,1.2,0.143,0.425,0,0,,0.5,1.5,2,1.2,0.5,0.5,0.3,1.2,2.8
282,Tyler Johnson\johnsty01,PG,29,PHI,3,0,12.7,1.3,3.3,0.4,1,2.3,0.429,0.3,1,0.333,0.55,0,0,,0.3,1.7,2,0.7,0.3,0.3,0.3,1.3,3.7
282,Tyler Johnson\johnsty01,PG,29,SAS,3,0,17.7,0.7,3.3,0.2,0.7,2,0.333,0,1.3,0,0.3,0,0,,0.7,1.3,2,1.7,0.7,0.7,0.3,1,2
283,Nikola Jokić\jokicni01,C,26,DEN,48,48,32.9,9.9,17.1,0.578,1.6,4.2,0.375,8.3,12.9,0.644,0.624,4.5,5.5,0.816,2.7,11,13.6,7.9,1.4,0.7,3.6,2.5,25.8
284,Carlik Jones\jonesca03,PG,24,TOT,5,0,4.6,0.2,1.8,0.111,0,0.2,0,0.2,1.6,0.125,0.111,0.4,0.4,1,0.2,0.4,0.6,1,0.2,0,0.6,0,0.8
284,Carlik Jones\jonesca03,PG,24,DAL,3,0,6.3,0,2.3,0,0,0.3,0,0,2,0,0,0.7,0.7,1,0.3,0.7,1,1.7,0.3,0,1,0,0.7
284,Carlik Jones\jonesca03,PG,24,DEN,2,0,2,0.5,1,0.5,0,0,,0.5,1,0.5,0.5,0,0,,0,0,0,0,0,0,0,0,1
285,Damian Jones\jonesda03,C,26,SAC,37,5,15.2,2.4,3.8,0.638,0.1,0.4,0.357,2.3,3.4,0.669,0.656,1.3,1.8,0.727,1.4,2.5,3.9,1.1,0.3,0.6,1,2.1,6.3
286,Derrick Jones Jr.\jonesde02,PF,24,CHI,31,8,17.2,2.3,3.9,0.582,0.5,1.2,0.405,1.8,2.7,0.659,0.643,1.3,1.5,0.848,1.2,2.2,3.4,0.5,0.5,0.7,0.5,2.3,6.3
287,Herbert Jones\joneshe01,PF,23,NOP,51,42,29.8,3.6,7.4,0.496,0.7,1.9,0.361,3,5.5,0.543,0.543,1.6,1.9,0.835,1.3,2.6,3.9,2.1,1.5,0.9,1.1,3,9.6
288,Jemerrio Jones\jonesje01,SF,26,LAL,2,0,7.5,1,1.5,0.667,0,0,,1,1.5,0.667,0.667,0,0,,1,0.5,1.5,0,0.5,0,0,1,2
289,Kai Jones\joneska01,C,21,CHO,16,0,2.9,0.4,0.6,0.667,0.1,0.1,0.5,0.3,0.4,0.714,0.722,0.1,0.3,0.25,0.1,0.4,0.5,0.3,0,0,0.3,0.3,0.9
290,Mason Jones\jonesma05,SG,23,LAL,2,0,4.5,1,4,0.25,0,1,0,1,3,0.333,0.25,0.5,1,0.5,0.5,0.5,1,0,0.5,0,0.5,0.5,2.5
291,Tre Jones\jonestr01,PG,22,SAS,43,4,13.4,2,4,0.5,0.1,0.4,0.158,1.9,3.5,0.543,0.509,0.8,0.9,0.895,0.4,1.4,1.8,2.3,0.4,0,0.6,0.9,4.8
292,Tyus Jones\jonesty01,PG,25,MEM,49,13,20.6,3.2,6.9,0.463,0.9,2.5,0.366,2.3,4.4,0.519,0.529,0.7,0.8,0.875,0.3,2.3,2.6,4.1,0.9,0,0.7,0.4,8
293,DeAndre Jordan\jordade01,C,33,LAL,31,19,12.9,1.9,2.8,0.67,0,0,,1.9,2.8,0.67,0.67,0.4,0.8,0.48,1.6,3.9,5.5,0.4,0.3,0.8,0.6,1.6,4.2
294,Cory Joseph\josepco01,PG,30,DET,43,17,24,2.9,6.3,0.458,1,2.4,0.437,1.8,3.9,0.47,0.541,1.6,1.8,0.848,0.4,2,2.4,3.8,0.7,0.3,1.5,2.1,8.4
295,Georgios Kalaitzakis\kalaige01,SF,23,MIL,9,0,5.3,0.6,1.2,0.455,0.2,0.4,0.5,0.3,0.8,0.429,0.545,0.4,1,0.444,0.4,0.4,0.9,0,0.1,0.1,0.4,0.9,1.8
296,Frank Kaminsky\kaminfr01,C,28,PHO,9,0,20.1,4,7.3,0.545,0.6,1.7,0.333,3.4,5.7,0.608,0.583,2,2.2,0.9,1.2,3.3,4.6,1.4,0.9,0.8,0.6,1.6,10.6
297,Luke Kennard\kennalu01,SG,25,LAC,46,10,28.1,4.1,9.3,0.436,2.7,6.2,0.43,1.4,3.1,0.448,0.579,1,1.1,0.882,0.2,3.3,3.6,2.2,0.6,0.1,0.8,1.6,11.8
298,Braxton Key\keybr01,SF,24,PHI,2,0,3,0.5,1,0.5,0,0.5,0,0.5,0.5,1,0.5,0,0,,0.5,0.5,1,0.5,0.5,0,1,0.5,1
299,George King\kingge03,SF,28,DAL,4,0,4.8,0,1.3,0,0,1,0,0,0.3,0,0,0.3,0.5,0.5,0,1.3,1.3,0,0,0,0.3,1,0.3
300,Louis King\kinglo02,SF,22,SAC,10,0,10.4,1.5,4.7,0.319,0.8,2.7,0.296,0.7,2,0.35,0.404,0.7,1,0.7,0,1.2,1.2,0.9,0.2,0.1,0,1.4,4.5
301,Corey Kispert\kispeco01,SF,22,WAS,48,7,18.5,2.3,5.2,0.436,0.9,3,0.317,1.3,2.3,0.593,0.526,0.8,0.9,0.878,0.6,1.8,2.4,0.9,0.3,0.3,0.4,0.9,6.2
302,Maxi Kleber\klebima01,PF,30,DAL,38,20,25.1,2.6,6.1,0.424,1.7,4.5,0.374,0.9,1.6,0.567,0.563,0.7,0.9,0.771,1.1,4.8,5.9,1.1,0.5,1,0.7,2.3,7.6
303,Brandon Knight\knighbr03,PG,30,DAL,3,0,18,3,6.7,0.45,1.3,4.3,0.308,1.7,2.3,0.714,0.55,2.7,2.7,1,0,2.3,2.3,2.7,0.3,0,1.3,1.7,10
304,Nathan Knight\knighna01,PF,24,MIN,28,2,6.9,1,2,0.482,0.1,0.3,0.25,0.9,1.7,0.521,0.5,1.1,1.6,0.711,0.8,1.3,2.1,0.5,0.1,0.3,0.4,1,3.1
305,Kevin Knox\knoxke01,SF,22,TOT,19,0,8.1,1.1,2.9,0.364,0.6,2,0.289,0.5,0.9,0.529,0.464,0.4,0.5,0.7,0.4,1.1,1.5,0.3,0.2,0.1,0.4,0.4,3.1
305,Kevin Knox\knoxke01,SF,22,NYK,13,0,8.5,1.2,3.1,0.375,0.8,2.2,0.357,0.4,0.9,0.417,0.5,0.5,0.8,0.7,0.6,1.1,1.7,0.2,0.2,0.1,0.4,0.4,3.6
305,Kevin Knox\knoxke01,SF,22,ATL,6,0,7,0.8,2.5,0.333,0.2,1.7,0.1,0.7,0.8,0.8,0.367,0,0,,0,1.2,1.2,0.5,0.2,0,0.3,0.5,1.8
306,John Konchar\konchjo01,SG,25,MEM,48,6,18.4,1.8,3.6,0.506,0.7,1.7,0.422,1.1,1.9,0.584,0.608,0.4,0.7,0.606,1.2,3.3,4.4,1.5,0.7,0.3,0.4,1.3,4.8
307,Furkan Korkmaz\korkmfu01,SG,24,PHI,47,17,24,3.2,8.2,0.39,1.3,4.6,0.287,1.9,3.6,0.52,0.47,1.2,1.4,0.838,0.3,2.7,3,2.4,0.6,0.1,0.8,1,9
308,Luke Kornet\kornelu01,C,26,TOT,3,0,6,0.3,2,0.167,0,0.3,0,0.3,1.7,0.2,0.167,0.7,1,0.667,1,0.3,1.3,0.3,0,0.3,0,0.7,1.3
308,Luke Kornet\kornelu01,C,26,CLE,2,0,7.5,0.5,2.5,0.2,0,0.5,0,0.5,2,0.25,0.2,1,1.5,0.667,1,0.5,1.5,0.5,0,0.5,0,0.5,2
308,Luke Kornet\kornelu01,C,26,MIL,1,0,3,0,1,0,0,0,,0,1,0,0,0,0,,1,0,1,0,0,0,0,1,0
309,Vit Krejci\krejcvi01,SG,21,OKC,3,0,3,0,0.7,0,0,0.7,0,0,0,,0,0.7,0.7,1,0,1,1,0,0,0,0.3,0,0.7
310,Arnoldas Kulboka\kulboar01,SF,24,CHO,1,0,3,0,0,,0,0,,0,0,,,0,0,,0,0,0,0,0,0,0,0,0
311,Jonathan Kuminga\kuminjo01,SF,19,GSW,43,4,13.2,2.7,5.5,0.489,0.6,1.8,0.304,2.1,3.6,0.583,0.54,1.5,2.3,0.636,0.6,2,2.6,0.7,0.3,0.2,0.9,1.7,7.4
312,Kyle Kuzma\kuzmaky01,PF,26,WAS,50,50,32.9,6,13.3,0.456,1.8,5.5,0.335,4.2,7.8,0.541,0.525,2.2,3.2,0.692,1.1,7.5,8.7,2.8,0.7,0.9,2.2,1.8,16.1
313,Anthony Lamb\lamban01,SF,24,SAS,2,0,4,0,1,0,0,1,0,0,0,,0,0,0,,0,0.5,0.5,1,0,0,0,0,0
314,Jeremy Lamb\lambje01,SF-SG,29,TOT,40,0,16.1,2.2,6,0.372,1.1,3.1,0.336,1.2,2.9,0.412,0.46,1.8,2.1,0.843,0.4,2.1,2.5,1.4,0.6,0.4,0.6,1.1,7.3
314,Jeremy Lamb\lambje01,SF,29,IND,39,0,15.7,2.2,5.8,0.373,1,3,0.333,1.2,2.8,0.414,0.458,1.7,2.1,0.838,0.4,2,2.4,1.3,0.6,0.4,0.6,1.1,7.1
314,Jeremy Lamb\lambje01,SG,29,SAC,1,0,31,4,11,0.364,3,8,0.375,1,3,0.333,0.5,3,3,1,0,6,6,5,0,2,1,1,14
315,Jock Landale\landajo01,C,26,SAS,34,1,10.1,1.7,3.4,0.496,0.6,1.5,0.365,1.1,1.9,0.6,0.577,0.6,0.7,0.87,1.1,1.1,2.3,0.9,0.2,0.4,0.6,0.9,4.6
316,Romeo Langford\langfro01,SG,22,BOS,44,5,16.5,1.8,4.2,0.429,0.7,1.9,0.349,1.1,2.3,0.495,0.508,0.5,0.8,0.588,0.7,1.7,2.4,0.4,0.5,0.4,0.4,1,4.7
317,Zach LaVine\lavinza01,SF,26,CHI,46,46,34.5,8.8,18.2,0.484,2.9,7.2,0.404,5.9,11,0.536,0.564,4.3,4.9,0.876,0.3,4.6,4.9,4.4,0.6,0.4,2.7,1.7,24.9
318,Jake Layman\laymaja01,SF,27,MIN,23,1,7.3,0.8,2.1,0.367,0.2,1.1,0.154,0.6,1,0.609,0.408,0.3,0.3,0.75,0.2,0.9,1,0.3,0.3,0.2,0.3,0.4,2
319,Damion Lee\leeda03,SG,29,GSW,44,3,20.5,2.9,6.5,0.451,1.2,3.2,0.366,1.7,3.2,0.535,0.542,0.9,1.1,0.851,0.4,2.7,3.1,0.9,0.7,0.1,0.7,1.4,7.9
320,Saben Lee\leesa01,PG,22,DET,27,0,14.9,1.7,4.5,0.38,0.4,1.6,0.273,1.3,2.9,0.442,0.43,1.2,1.6,0.767,0.4,2.1,2.4,2.4,0.9,0.4,0.9,0.9,5.1
321,Alex Len\lenal01,C,28,SAC,33,9,16.9,2.5,4.7,0.529,0.2,0.6,0.316,2.3,4.1,0.559,0.548,1.1,1.7,0.643,1.5,3.2,4.6,1.2,0.4,0.8,1.2,2.7,6.2
322,Caris LeVert\leverca01,SG,27,TOT,40,39,31.1,7.1,15.8,0.445,1.6,4.8,0.323,5.5,11,0.499,0.494,2.8,3.7,0.764,0.8,3,3.8,4.4,0.9,0.5,1.9,2.3,18.5
322,Caris LeVert\leverca01,SG,27,IND,39,39,31.1,7.1,15.9,0.447,1.6,4.8,0.323,5.6,11.1,0.501,0.496,2.8,3.7,0.76,0.8,3.1,3.8,4.4,0.9,0.5,1.9,2.3,18.7
322,Caris LeVert\leverca01,SG,27,CLE,1,0,28,4,11,0.364,1,3,0.333,3,8,0.375,0.409,2,2,1,0,1,1,2,1,0,0,2,11
323,Kira Lewis Jr.\lewiski01,PG,20,NOP,24,0,14.2,2.5,6.1,0.404,0.5,2.4,0.224,1.9,3.7,0.523,0.449,0.4,0.5,0.833,0.4,1.3,1.6,2,0.5,0,1.1,0.7,5.9
324,Scottie Lewis\lewissc01,SG,21,CHO,2,0,3.5,0,0,,0,0,,0,0,,,0.5,1,0.5,0,0,0,0.5,0.5,0,0,0,0.5
325,Damian Lillard\lillada01,PG,31,POR,29,29,36.4,7.7,19,0.402,3.2,9.8,0.324,4.5,9.2,0.485,0.486,5.5,6.2,0.878,0.4,3.7,4.1,7.3,0.6,0.4,2.9,1.3,24
326,Nassir Little\littlna01,SF,21,POR,42,23,25.9,3.5,7.5,0.46,1.2,3.7,0.331,2.2,3.8,0.584,0.541,1.6,2.2,0.734,1.4,4.2,5.6,1.3,0.6,0.9,1,2,9.8
327,Isaiah Livers\liveris01,SF,23,DET,1,0,5,0,2,0,0,2,0,0,0,,0,0,0,,0,0,0,0,1,1,1,1,0
328,Kevon Looney\looneke01,C,25,GSW,55,55,21.3,2.6,4.7,0.55,0,0,0,2.6,4.7,0.553,0.55,1.1,1.6,0.663,2.8,4.8,7.6,1.7,0.6,0.7,1,2.7,6.2
329,Brook Lopez\lopezbr01,C,33,MIL,1,1,28,3,9,0.333,2,4,0.5,1,5,0.2,0.444,0,0,,2,3,5,0,1,3,0,3,8
330,Robin Lopez\lopezro01,C,33,ORL,25,9,17.8,3.6,6.3,0.576,0.1,0.2,0.4,3.6,6.1,0.582,0.582,0.8,1.4,0.588,2.2,1.6,3.8,1.7,0,0.6,1.3,2,8.2
331,Didi Louzada\louzama01,SF,22,NOP,2,0,3.5,0,1.5,0,0,1.5,0,0,0,,0,0,0,,1,0,1,0.5,0,0,0,0,0
332,Kevin Love\loveke01,PF,33,CLE,47,2,22.3,4.6,10.7,0.427,2.5,6.4,0.393,2.1,4.3,0.478,0.545,2.8,3.2,0.855,1.2,6.3,7.5,2.2,0.4,0.2,1.3,1.1,14.4
333,Kyle Lowry\lowryky01,PG,35,MIA,42,42,33.8,4.3,10.4,0.416,2.1,6.1,0.337,2.2,4.2,0.531,0.516,2.3,2.7,0.85,0.6,3.8,4.4,8,1.1,0.4,3,2.7,13
334,Timothé Luwawu-Cabarrot\luwawti01,SF,26,ATL,34,12,13,1.4,3.6,0.387,0.9,2.5,0.36,0.5,1.1,0.447,0.512,0.5,0.6,0.85,0.2,1.1,1.4,0.8,0.4,0.1,0.4,1.4,4.2
335,Trey Lyles\lylestr01,PF,26,DET,51,3,19.4,3.4,7.5,0.456,0.9,2.9,0.301,2.6,4.7,0.55,0.513,2.7,3.5,0.784,1.2,3.6,4.8,1.1,0.4,0.5,1.1,1.8,10.4
336,Théo Maledon\maledth01,PG,20,OKC,28,0,13.8,1.2,3.8,0.318,0.4,2,0.218,0.8,1.9,0.423,0.374,1,1.2,0.848,0.3,1.3,1.6,1.1,0.4,0.1,0.8,1.1,3.9
337,Sandro Mamukelashvili\mamuksa01,PF,22,MIL,30,2,9.8,1.2,2.7,0.439,0.5,1.3,0.385,0.7,1.4,0.488,0.53,0.3,0.4,0.75,0.9,1,1.9,0.5,0.2,0.2,0.3,0.6,3.2
338,Terance Mann\mannte01,SF,25,LAC,55,20,28.5,3.9,8.1,0.474,1,2.7,0.358,2.9,5.4,0.534,0.535,1.3,1.7,0.758,1.3,3.8,5.1,2.3,0.6,0.1,1,2.2,10
339,Tre Mann\manntr01,PG,20,OKC,41,9,19.3,2.9,7.8,0.377,1.3,3.6,0.363,1.6,4.2,0.39,0.461,0.8,1.1,0.733,0.3,1.9,2.2,1,0.7,0.2,0.9,1.7,8
340,Boban Marjanović\marjabo01,C,33,DAL,17,0,5.8,2.1,3.4,0.632,0.1,0.2,0.333,2.1,3.2,0.648,0.64,0.5,0.9,0.5,0.4,1.4,1.8,0.1,0,0.1,0.6,1.2,4.8
341,Lauri Markkanen\markkla01,PF,24,CLE,38,38,30.2,4.9,11.3,0.436,2,5.9,0.342,2.9,5.4,0.539,0.526,1.7,1.9,0.863,1.1,4.2,5.3,1.5,0.8,0.6,0.8,1.8,13.6
342,Naji Marshall\marshna01,SF,24,NOP,29,0,9.8,1.2,3.3,0.358,0.2,1.3,0.158,1,2,0.491,0.389,1,1.2,0.857,0.5,1.7,2.2,0.8,0.4,0.1,0.8,1,3.6
343,Caleb Martin\martica02,SF,26,MIA,44,10,22.9,3.7,7.2,0.506,1,2.6,0.379,2.7,4.6,0.579,0.575,1.2,1.6,0.739,1.3,2.7,4,1,1,0.5,0.8,1.6,9.5
344,Cody Martin\martico01,SF,26,CHO,49,11,27.2,2.9,6.5,0.454,1,2.4,0.41,2,4.1,0.48,0.53,1.1,1.7,0.671,1.2,3,4.2,2.6,1.3,0.5,0.9,1.7,8
345,Kelan Martin\martike03,SF,26,IND,27,1,16.4,2.6,6.2,0.417,0.8,2.7,0.297,1.8,3.5,0.511,0.482,0.3,0.5,0.692,0.6,1.4,2,0.8,0.5,0.3,0.5,1.3,6.3
346,Kenyon Martin Jr.\martike04,SF,21,HOU,51,0,19.6,3.4,6.4,0.525,0.5,1.8,0.29,2.8,4.6,0.618,0.566,1.1,1.7,0.635,1.1,2.8,3.9,1.4,0.5,0.5,0.7,1.3,8.3
347,Garrison Mathews\mathega01,SG,25,HOU,37,17,27.4,3.3,7.9,0.412,2.5,6.6,0.377,0.8,1.4,0.58,0.568,2.6,3.1,0.819,0.5,2.9,3.4,1.1,0.7,0.4,0.6,2.9,11.6
348,Dakota Mathias\mathida01,SG,26,MEM,6,0,2.7,0.3,1,0.333,0.3,1,0.333,0,0,,0.5,0,0,,0,0.3,0.3,0.2,0.2,0,0,0.2,1
349,Wesley Matthews\matthwe02,SG,35,MIL,27,6,19.4,1.9,4.7,0.413,1.1,3.3,0.344,0.8,1.3,0.583,0.536,0.2,0.4,0.6,0.6,1.4,2,0.7,0.4,0.2,0.4,1.9,5.2
350,Tyrese Maxey\maxeyty01,PG,21,PHI,47,46,35.8,6.4,13.5,0.471,1.4,3.5,0.398,5,10,0.497,0.523,2.7,3.1,0.871,0.4,3.2,3.6,4.8,0.7,0.6,1.2,2.1,16.9
351,Skylar Mays\mayssk01,SG,24,ATL,21,5,9.4,1.5,2.9,0.517,0.4,1.2,0.32,1.1,1.7,0.657,0.583,0.4,0.4,0.889,0.2,1,1.2,0.8,0.3,0,0.4,0.3,3.7
352,Miles McBride\mcbrimi01,PG,21,NYK,21,2,7.2,0.7,2.8,0.259,0.2,1.5,0.161,0.5,1.3,0.37,0.302,0.1,0.2,0.75,0.1,0.7,0.8,1.1,0.4,0,0.1,0.7,1.8
353,Mac McClung\mccluma01,PG,23,CHI,1,0,3,1,1,1,0,0,,1,1,1,1,0,0,,0,0,0,0,0,0,1,0,2
354,CJ McCollum\mccolcj01,SG,30,POR,36,36,35.2,8.1,18.5,0.436,3.1,8,0.384,5,10.4,0.476,0.52,1.3,1.9,0.706,0.9,3.3,4.3,4.5,1,0.6,1.9,2.1,20.5
355,T.J. McConnell\mccontj01,PG,29,IND,24,6,24.2,3.8,7.5,0.503,0.3,1,0.28,3.5,6.5,0.538,0.522,0.5,0.6,0.8,0.8,2.5,3.3,4.8,1,0.4,1.2,1.8,8.4
356,Jaden McDaniels\mcdanja02,PF,21,MIN,52,24,26,3.4,7.7,0.438,1.1,3.5,0.308,2.3,4.2,0.545,0.507,0.7,0.8,0.773,1.2,3.1,4.3,1.2,0.8,0.7,1,3.3,8.5
357,Jalen McDaniels\mcdanja01,SF,24,CHO,39,2,17.6,2.5,5.1,0.492,0.8,2.2,0.372,1.7,2.8,0.586,0.574,0.8,1.2,0.674,0.7,2.7,3.5,1.1,0.5,0.4,0.8,1.8,6.6
358,Doug McDermott\mcderdo01,PF,30,SAS,39,39,24.4,4.4,9.5,0.465,2.2,5.2,0.429,2.2,4.3,0.509,0.582,0.5,0.7,0.704,0.4,2.1,2.5,1.2,0.2,0.1,0.8,1.6,11.5
359,JaVale McGee\mcgeeja01,C,34,PHO,48,14,16.3,4.3,6.5,0.658,0,0.1,0.4,4.2,6.4,0.662,0.661,1.5,2.1,0.68,2.4,4.6,7.1,0.7,0.3,1,1.4,2.5,10
360,Cameron McGriff\mcgrica01,SF,24,POR,3,0,15.3,1.7,4.7,0.357,0.7,2,0.333,1,2.7,0.375,0.429,0.7,0.7,1,2,3,5,1,0,0.3,0,2.3,4.7
361,Rodney McGruder\mcgruro01,SG,30,DET,29,1,13.3,1.6,3.6,0.433,0.8,2.1,0.393,0.7,1.5,0.488,0.548,0.3,0.5,0.714,0.6,1.4,2,0.8,0.4,0.1,0.4,1,4.3
362,Alfonzo McKinnie\mckinal01,SF,29,CHI,17,3,12.1,1.4,3.6,0.393,0.5,1.6,0.333,0.9,2,0.441,0.467,0.1,0.5,0.25,0.8,1.2,1.9,0.3,0.1,0.2,0.4,1.5,3.5
363,JaQuori McLaughlin\mclauja01,PG,24,DAL,4,0,2.8,0,0.5,0,0,0.3,0,0,0.3,0,0,0,0,,0,0,0,0.5,0,0,0,0.3,0
364,Jordan McLaughlin\mclaujo01,PG,25,MIN,37,3,12.2,1.1,2.9,0.383,0.2,1.1,0.2,0.9,1.8,0.493,0.421,0.5,0.7,0.741,0.2,1.1,1.3,2.8,0.7,0.1,0.5,0.5,3
365,Ben McLemore\mclembe01,SG,28,POR,39,6,18.3,3,7.6,0.392,2.3,6.1,0.378,0.7,1.5,0.448,0.544,0.6,0.8,0.781,0.3,1.2,1.5,0.8,0.4,0.1,0.7,1.4,8.9
366,De'Anthony Melton\meltode01,SG,23,MEM,47,13,22.9,3.6,9.4,0.384,1.6,4.8,0.335,2,4.6,0.435,0.469,1,1.5,0.69,1,3.5,4.5,2.7,1.6,0.6,1.4,1.8,9.8
367,Sam Merrill\merrisa01,SG,25,MEM,6,0,9.7,1.3,4,0.333,1.2,3.8,0.304,0.2,0.2,1,0.479,0.3,0.7,0.5,0.2,1,1.2,0.7,0,0,0.3,0.5,4.2
368,Chimezie Metu\metuch01,C,24,SAC,39,20,22.5,3.5,8.1,0.433,0.9,3.4,0.271,2.6,4.6,0.552,0.49,1.1,1.4,0.732,0.6,5.3,5.9,1.1,0.9,0.6,1,1.5,8.9
369,Khris Middleton\middlkh01,SF,30,MIL,44,44,31.9,6.6,15,0.442,2.4,6.3,0.377,4.3,8.7,0.488,0.52,3.9,4.4,0.881,0.7,4.9,5.6,5.3,1.3,0.3,3,2.5,19.5
370,C.J. Miles\milescj01,SG,34,BOS,1,0,2,0,0,,0,0,,0,0,,,0,0,,0,0,0,0,0,0,0,1,0
371,Patty Mills\millspa02,PG,33,BRK,53,36,30.8,4.8,11.1,0.434,3.3,7.7,0.424,1.5,3.4,0.456,0.581,0.7,0.8,0.884,0.2,1.9,2.2,2.5,0.7,0.3,0.9,1.4,13.6
372,Paul Millsap\millspa01,PF,36,BRK,24,0,11.3,1.3,3.5,0.376,0.3,1.1,0.222,1.1,2.4,0.448,0.412,0.5,0.7,0.706,1.2,2.5,3.7,1,0.2,0.5,0.5,2,3.4
373,Shake Milton\miltosh01,PG,25,PHI,27,6,24.7,4,9.4,0.429,0.9,2.9,0.316,3.1,6.5,0.48,0.478,1.5,1.8,0.854,0.5,2.5,3,2.8,0.7,0.4,1.1,2.1,10.5
374,Davion Mitchell\mitchda01,PG,23,SAC,51,8,26.1,4.3,10.5,0.408,1.4,4.3,0.32,2.9,6.2,0.47,0.474,0.5,0.8,0.558,0.5,1.8,2.3,3.5,0.7,0.3,1.2,1.9,10.4
375,Donovan Mitchell\mitchdo01,SG,25,UTA,43,43,33.3,9.3,20.4,0.454,3.3,9.4,0.346,6,11,0.548,0.534,3.7,4.2,0.872,0.9,3.3,4.1,5.3,1.6,0.3,3,2.4,25.4
376,Evan Mobley\mobleev01,PF,20,CLE,47,47,34.2,6.1,12.2,0.498,0.4,1.4,0.277,5.7,10.8,0.527,0.514,2.4,3.6,0.667,1.9,6.3,8.2,2.6,0.7,1.7,1.9,2,14.9
377,Malik Monk\monkma01,SG,23,LAL,50,18,27.2,4.8,10.1,0.47,2.3,5.7,0.403,2.5,4.5,0.556,0.583,1.2,1.5,0.787,0.4,2.9,3.3,2.5,0.7,0.4,1.4,1.6,13
378,Greg Monroe\monrogr01,C,31,TOT,8,0,15.8,2.5,4.8,0.526,0,0,,2.5,4.8,0.526,0.526,0.4,0.9,0.429,2.3,3.1,5.4,1.8,0.5,0.8,1,1.8,5.4
378,Greg Monroe\monrogr01,C,31,MIN,3,0,21,3,4.7,0.643,0,0,,3,4.7,0.643,0.643,0.7,1.7,0.4,1.7,5.3,7,3.7,0.7,1.3,1.3,2.3,6.7
378,Greg Monroe\monrogr01,C,31,WAS,2,0,9,2,4,0.5,0,0,,2,4,0.5,0.5,0,0,,3.5,1.5,5,0.5,0.5,0.5,1,1,4
378,Greg Monroe\monrogr01,C,31,MIL,3,0,15,2.3,5.3,0.438,0,0,,2.3,5.3,0.438,0.438,0.3,0.7,0.5,2,2,4,0.7,0.3,0.3,0.7,1.7,5
379,Moses Moody\moodymo01,SG,19,GSW,32,4,9.6,1.2,3,0.389,0.6,1.8,0.316,0.6,1.2,0.5,0.484,0.4,0.5,0.824,0.2,1.2,1.4,0.3,0.1,0.2,0.2,0.7,3.3
380,Xavier Moon\moonxa01,SG,27,LAC,6,0,13.8,2.3,5.7,0.412,0.5,1.7,0.3,1.8,4,0.458,0.456,0.3,0.5,0.667,0.2,1.3,1.5,1.7,0.8,0.2,0.5,0.7,5.5
381,Matt Mooney\moonema01,SG,24,NYK,1,0,2,0,1,0,0,1,0,0,0,,0,0,0,,0,0,0,0,1,0,1,0,0
382,Ja Morant\moranja01,PG,22,MEM,43,43,33.1,10,20.3,0.493,1.5,4.5,0.344,8.5,15.8,0.535,0.531,5,6.6,0.756,1.4,4.5,5.9,6.8,1.3,0.4,3.5,1.4,26.5
383,Juwan Morgan\morgaju01,PF,24,TOR,1,0,27,2,3,0.667,1,2,0.5,1,1,1,0.833,0,0,,2,2,4,1,0,0,0,3,5
384,Jaylen Morris\morrija01,SG,26,SAS,3,0,5.3,0,2,0,0,0.7,0,0,1.3,0,0,0.7,1.3,0.5,0,0.7,0.7,0.7,0,0,0.3,0.7,0.7
385,Marcus Morris\morrima03,PF,32,LAC,31,31,29.9,5.5,13.1,0.424,2.1,5.4,0.383,3.5,7.7,0.452,0.502,2.4,2.8,0.83,0.6,4.6,5.2,2.3,0.5,0.3,1.3,2.3,15.5
386,Markieff Morris\morrima02,PF,32,MIA,10,0,18.7,3.2,7,0.457,0.8,2.2,0.364,2.4,4.8,0.5,0.514,0.5,0.5,1,1.3,1.5,2.8,1.4,0.3,0.1,1.2,2.2,7.7
387,Monte Morris\morrimo01,PG,26,DEN,51,50,30,5.1,10.8,0.474,1.6,4.3,0.373,3.5,6.5,0.541,0.548,0.8,1,0.843,0.4,2.6,2.9,4.3,0.7,0.2,1,1.2,12.6
388,Emmanuel Mudiay\mudiaem01,PG,25,SAC,2,0,5.5,0,1,0,0,0,,0,1,0,0,1.5,2,0.75,0,0,0,2,0.5,0,0.5,0.5,1.5
389,Mychal Mulder\muldemy01,PG,27,ORL,15,2,13,1.3,4.5,0.299,0.9,3.1,0.283,0.5,1.4,0.333,0.396,0.1,0.1,1,0.1,1.3,1.4,0.2,0.3,0.1,0.5,0.8,3.7
390,Ade Murkey\murkead01,SG,24,SAC,1,0,1,0,0,,0,0,,0,0,,,0,0,,0,0,0,0,0,0,0,0,0
391,Trey Murphy III\murphtr02,SF,21,NOP,40,0,12.9,1.3,3.7,0.338,0.9,2.7,0.336,0.4,1,0.341,0.459,0.6,0.7,0.857,0.7,1.5,2.2,0.5,0.3,0.2,0.3,0.9,4
392,Dejounte Murray\murrade01,PG,25,SAS,48,48,34.4,8.1,17.9,0.453,1.3,4.1,0.315,6.8,13.8,0.495,0.49,2,2.7,0.744,1.3,7,8.4,9.2,2,0.4,2.5,2.1,19.5
393,Mike Muscala\muscami01,C,30,OKC,43,0,13.8,2.6,5.8,0.456,1.6,3.8,0.429,1,2,0.506,0.597,1.1,1.3,0.842,0.5,2.5,3,0.5,0.4,0.6,0.3,1.3,8
394,Svi Mykhailiuk\mykhasv01,SF,24,TOR,41,5,15.8,2,5,0.407,0.9,2.8,0.31,1.2,2.2,0.527,0.493,0.7,0.8,0.844,0.5,1.6,2.1,1,0.6,0.1,0.7,1.1,5.6
395,Abdel Nader\naderab01,SF,28,PHO,14,0,10.4,0.9,2.5,0.343,0.3,1,0.286,0.6,1.5,0.381,0.4,0.4,0.7,0.6,0.3,1.6,1.9,0.5,0.6,0.3,0.8,1.4,2.4
396,Larry Nance Jr.\nancela02,PF,29,POR,37,11,23.2,2.8,5.4,0.515,0.5,1.7,0.306,2.2,3.7,0.61,0.563,0.9,1.3,0.653,1.6,4.1,5.6,2,1,0.4,0.7,1.8,6.9
397,RJ Nembhard Jr.\nembhrj01,SG,22,CLE,7,0,6.3,0.7,1.6,0.455,0,0.1,0,0.7,1.4,0.5,0.455,0.1,0.3,0.5,0,0.3,0.3,1.4,0,0,0.3,0.3,1.6
398,Aaron Nesmith\nesmiaa01,SF,22,BOS,39,1,10.2,1.2,3.3,0.354,0.4,2.1,0.207,0.7,1.2,0.604,0.419,0.3,0.4,0.813,0.3,1.4,1.6,0.3,0.3,0.1,0.5,1.2,3.1
399,Raul Neto\netora01,PG,29,WAS,44,0,19.4,2.8,6.5,0.44,0.4,1.7,0.227,2.5,4.8,0.517,0.47,1.1,1.5,0.731,0.2,1.8,1.9,2.5,0.7,0,1.2,1.5,7.2
400,Malik Newman\newmama01,PG,24,CLE,1,0,8,3,5,0.6,0,1,0,3,4,0.75,0.6,2,2,1,0,1,1,1,0,0,1,0,8
401,Georges Niang\niangge01,PF,28,PHI,50,5,23.1,3.4,7.7,0.438,2,4.9,0.402,1.4,2.8,0.5,0.565,0.8,0.9,0.864,0.4,2.3,2.6,1.5,0.4,0.2,0.9,2.6,9.5
402,Daishen Nix\nixda01,SG,19,HOU,8,0,8.4,1.6,2.5,0.65,0.4,0.9,0.429,1.3,1.6,0.769,0.725,0.1,0.4,0.333,0.1,1.1,1.3,1.3,0.9,0,1.1,0.4,3.8
403,Zeke Nnaji\nnajize01,PF,21,DEN,38,1,16.4,2.4,4.5,0.547,0.9,1.9,0.493,1.5,2.6,0.588,0.653,1,1.6,0.613,1.4,2.2,3.7,0.3,0.3,0.3,0.5,1.9,6.8
404,Nerlens Noel\noelne01,C,27,NYK,25,11,22.5,1.3,2.4,0.533,0,0.1,0,1.3,2.3,0.561,0.533,0.8,1.2,0.7,1.9,3.7,5.6,0.9,1.2,1.2,0.8,2.7,3.4
405,Jaylen Nowell\nowelja01,SG,22,MIN,40,1,15.1,3.1,6.6,0.464,0.9,2.4,0.365,2.2,4.2,0.521,0.53,1,1.4,0.745,0.4,1.6,2,2.1,0.6,0.2,0.5,1.2,8
406,Frank Ntilikina\ntilila01,PG,23,DAL,44,5,12.9,1.5,4.1,0.378,0.7,2.1,0.34,0.8,2,0.419,0.467,0.5,0.5,0.958,0.2,1.3,1.4,1.2,0.5,0.1,0.6,1.1,4.3
407,Jusuf Nurkić\nurkiju01,C,27,POR,53,53,27.9,5.6,10.5,0.533,0.2,1,0.231,5.4,9.5,0.564,0.544,3.2,4.7,0.681,2.9,7.9,10.8,2.7,1.1,0.6,2.5,3.3,14.6
408,David Nwaba\nwabada01,SF,29,HOU,34,4,14,2,4.1,0.475,0.3,1,0.286,1.7,3.1,0.538,0.511,1,1.4,0.714,0.9,3,3.8,0.8,0.6,0.5,0.5,1.2,5.3
409,Jordan Nwora\nworajo01,SF,23,MIL,42,9,19.2,3.1,7.6,0.408,1.4,3.8,0.366,1.7,3.8,0.449,0.5,0.4,0.5,0.762,0.7,3.1,3.8,1,0.5,0.3,1,1.1,8
410,Royce O'Neale\onealro01,SF,28,UTA,51,51,31.4,2.7,5.5,0.482,1.5,3.7,0.397,1.2,1.8,0.656,0.615,0.6,0.8,0.786,0.8,4.2,5,2.5,1.2,0.5,0.9,2.4,7.5
411,Semi Ojeleye\ojelese01,PF,27,MIL,20,0,15.4,0.9,3.5,0.257,0.6,2.1,0.268,0.4,1.5,0.241,0.336,0.5,0.7,0.769,1.3,1.7,2.9,0.3,0.3,0.3,0.3,1.3,2.9
412,Chuma Okeke\okekech01,PF,23,ORL,45,10,23.6,3,7.8,0.387,1.4,4.6,0.301,1.6,3.2,0.51,0.476,0.7,0.9,0.846,0.6,3.9,4.5,1.5,1.4,0.6,0.8,1.4,8.1
413,Josh Okogie\okogijo01,SG,23,MIN,33,6,12.4,0.8,2.3,0.347,0.3,1.1,0.278,0.5,1.2,0.41,0.413,0.7,1.1,0.622,0.8,1.1,1.8,0.5,0.5,0.3,0.5,1.2,2.6
414,Onyeka Okongwu\okongon01,C,21,ATL,22,6,22.1,3.6,4.9,0.731,0,0,,3.6,4.9,0.731,0.731,1.8,2.4,0.736,2.2,3.5,5.7,1,0.7,1.5,1.1,3.3,9
415,Isaac Okoro\okorois01,SF,21,CLE,40,34,28.7,3.3,7.1,0.465,0.9,2.7,0.312,2.4,4.3,0.561,0.525,1.7,2.2,0.764,1.1,2.2,3.3,1.8,0.8,0.3,1,2.5,9.1
416,KZ Okpala\okpalkz01,PF,22,MIA,21,0,11.6,1.4,3.3,0.435,0.4,1.2,0.346,1,2,0.488,0.5,0.4,0.5,0.727,0.5,1.4,2,0.7,0.2,0.3,0.2,1.2,3.7
417,Cameron Oliver\oliveca01,SF,25,ATL,2,0,21.5,5,7.5,0.667,0.5,1.5,0.333,4.5,6,0.75,0.7,1,1.5,0.667,1,2,3,1.5,0.5,0.5,0,2.5,11.5
418,Kelly Olynyk\olynyke01,C,30,DET,17,1,20.6,3.6,9.1,0.403,1.1,3.7,0.286,2.6,5.4,0.484,0.461,1.6,2.6,0.636,1.4,3.4,4.8,3,0.9,0.6,1.6,2.7,10
419,Eugene Omoruyi\omorueu01,SF,24,DAL,4,0,4.5,0.5,1.3,0.4,0.3,0.5,0.5,0.3,0.8,0.333,0.5,0.5,1,0.5,0.5,1.3,1.8,0.5,0,0,0,0.5,1.8
420,Miye Oni\onimi01,SG,24,UTA,16,0,2.8,0.1,0.6,0.222,0.1,0.5,0.125,0.1,0.1,1,0.278,0,0.1,0,0.1,0.4,0.4,0.3,0,0,0.1,0.4,0.3
421,Cedi Osman\osmande01,SF,26,CLE,43,3,23.2,3.8,9.1,0.419,2,5.7,0.358,1.8,3.4,0.524,0.532,1.2,1.8,0.633,0.4,1.9,2.3,2,0.9,0.2,0.9,1.9,10.8
422,Daniel Oturu\oturuda01,C,22,TOR,3,0,9,1,2,0.5,0,0.3,0,1,1.7,0.6,0.5,1,1.7,0.6,0.3,1.3,1.7,0,0,0.7,0,0.3,3
423,Kelly Oubre Jr.\oubreke01,SF,26,CHO,50,11,28.5,6,13.6,0.441,2.8,8,0.351,3.2,5.6,0.571,0.545,1.8,2.6,0.688,1.1,3,4.1,1.2,1.2,0.4,1,2.5,16.6
424,Jaysean Paige\paigeja01,PG,27,DET,1,0,7,0,3,0,0,2,0,0,1,0,0,0,0,,0,1,1,1,0,0,1,2,0
425,Trayvon Palmer\palmetr01,SG,27,DET,1,0,17,0,1,0,0,0,,0,1,0,0,0,0,,0,2,2,0,0,0,1,2,0
426,Kevin Pangos\pangoke01,PG,29,CLE,24,3,6.9,0.6,1.9,0.326,0.3,1.1,0.231,0.4,0.8,0.45,0.391,0.1,0.2,0.75,0.1,0.4,0.5,1.3,0.1,0,0.3,0.5,1.6
427,Jabari Parker\parkeja01,PF,26,BOS,12,0,9.3,1.5,3.2,0.474,0.7,1.3,0.5,0.8,1.8,0.455,0.579,0.8,0.8,1,0.4,1.9,2.3,0.5,0.3,0.1,0.7,1.1,4.4
428,Eric Paschall\pascher01,PF,25,UTA,41,1,13.3,2,4.1,0.485,0.8,2.1,0.372,1.2,2,0.605,0.581,1.1,1.5,0.754,0.6,1.5,2.1,0.6,0.1,0.1,0.6,1,5.9
429,Chris Paul\paulch01,PG,36,PHO,54,54,33.3,5.7,11.6,0.489,1.1,3.1,0.339,4.6,8.5,0.544,0.534,2.6,3.2,0.83,0.3,4.2,4.5,10.5,1.9,0.3,2.4,2.1,15
430,Cameron Payne\payneca01,PG,27,PHO,40,0,20.4,4,9.8,0.404,1.1,3.4,0.336,2.8,6.4,0.44,0.462,1.4,1.7,0.864,0.4,2.4,2.8,3.6,0.6,0.3,1.8,1.9,10.5
431,Elfrid Payton\paytoel01,PG,27,PHO,34,0,11.7,1.4,3.6,0.387,0.1,0.4,0.167,1.4,3.3,0.411,0.395,0.3,0.6,0.455,0.5,1.5,2,2,0.5,0.1,1,0.9,3.2
432,Gary Payton II\paytoga02,PG,29,GSW,52,9,16.8,3,4.8,0.623,0.6,1.7,0.375,2.3,3.1,0.761,0.69,0.5,0.9,0.587,1,2.6,3.6,0.8,1.3,0.3,0.5,1.7,7.1
433,Norvel Pelle\pelleno01,C,28,UTA,3,0,6.3,1,1.7,0.6,0,0,,1,1.7,0.6,0.6,0,0,,1,1,2,0,0,0.3,0.7,0.3,2
434,Reggie Perry\perryre01,PF,21,TOT,3,0,17,1.7,3.3,0.5,0.3,0.7,0.5,1.3,2.7,0.5,0.55,0.7,0.7,1,0.7,2,2.7,0.7,0.3,0,0.3,3,4.3
434,Reggie Perry\perryre01,PF,21,POR,2,0,20.5,2,4.5,0.444,0.5,1,0.5,1.5,3.5,0.429,0.5,1,1,1,1,2.5,3.5,1,0.5,0,0.5,3,5.5
434,Reggie Perry\perryre01,PF,21,IND,1,0,10,1,1,1,0,0,,1,1,1,1,0,0,,0,1,1,0,0,0,0,3,2
435,Jamorko Pickett\pickeja01,PF,24,DET,6,0,7.8,0.2,1.7,0.1,0.2,1.2,0.143,0,0.5,0,0.15,0,0,,0.3,1.2,1.5,0.2,0,0.2,0.5,0.5,0.5
436,Theo Pinson\pinsoth01,SF,26,DAL,16,0,7.5,0.6,2,0.281,0.4,1.6,0.24,0.2,0.4,0.429,0.375,0.3,0.3,1,0.1,1.1,1.2,0.8,0.3,0.1,0.1,0.6,1.8
437,Mason Plumlee\plumlma01,C,31,CHO,47,47,25.4,3,4.7,0.631,0,0,0,3,4.7,0.636,0.631,0.7,2.2,0.34,2.5,5.3,7.8,2.9,1,0.7,1.3,3,6.7
438,Jakob Poeltl\poeltja01,C,26,SAS,45,44,28.8,5.9,9.7,0.614,0,0,,5.9,9.7,0.614,0.614,1.2,2.7,0.459,4,5.1,9,2.8,0.7,1.7,1.6,3,13.1
439,Aleksej Pokusevski\pokusal01,PF,20,OKC,38,2,15.8,2.1,5.6,0.384,0.7,2.6,0.268,1.4,3,0.482,0.445,0.2,0.4,0.5,1,3.2,4.2,1.2,0.6,0.5,1.2,1.2,5.1
440,Yves Pons\ponsyv01,SF,22,MEM,7,0,3.1,0.1,0.4,0.333,0.1,0.1,1,0,0.3,0,0.5,0,0.3,0,0.3,0.4,0.7,0,0,0,0,0.3,0.4
441,Jordan Poole\poolejo01,SG,22,GSW,49,35,29.2,5.7,12.9,0.438,2.4,7.1,0.342,3.2,5.8,0.556,0.532,2.9,3.2,0.923,0.4,2.7,3.1,3.5,0.8,0.3,2.3,2.6,16.7
442,Kevin Porter Jr.\porteke02,PG,21,HOU,37,37,29.9,4.6,11.8,0.392,2.2,5.9,0.368,2.4,5.8,0.417,0.485,2,3.2,0.619,0.7,3.2,4,6.1,1.2,0.3,3.6,2.6,13.4
443,Michael Porter Jr.\portemi01,SF,23,DEN,9,9,29.4,4.1,11.4,0.359,1.1,5.3,0.208,3,6.1,0.491,0.408,0.6,1,0.556,1,5.6,6.6,1.9,1.1,0.2,1.3,1.8,9.9
444,Otto Porter Jr.\porteot01,PF,28,GSW,45,13,21.6,3.2,6.8,0.475,1.5,3.8,0.399,1.7,2.9,0.576,0.589,0.5,0.7,0.727,1,4.2,5.1,1.6,1.1,0.5,0.5,1.3,8.5
445,Bobby Portis\portibo01,C,26,MIL,47,42,28.7,6.1,12.4,0.489,2,4.7,0.427,4.1,7.7,0.526,0.569,1.4,1.9,0.77,2.6,6.5,9.1,1.3,0.7,0.8,1.5,2.7,15.6
446,Kristaps Porziņģis\porzikr01,PF,26,DAL,34,34,29.5,6.7,14.9,0.451,1.4,5.1,0.283,5.3,9.9,0.537,0.499,4.3,5,0.865,1.9,5.8,7.7,2,0.7,1.7,1.6,2.6,19.2
447,Micah Potter\pottemi01,C,23,DET,3,0,10.3,1.7,3.7,0.455,0,0.7,0,1.7,3,0.556,0.455,0.7,0.7,1,1.3,1.7,3,0,0.3,0.3,0.3,1.3,4
448,Dwight Powell\poweldw01,C,30,DAL,55,44,20.3,2.8,4.3,0.644,0.2,0.6,0.387,2.5,3.7,0.683,0.669,1.6,2.2,0.748,2,2.4,4.4,1.1,0.5,0.4,0.8,2.5,7.4
449,Myles Powell\powelmy01,PG,24,PHI,11,0,4.7,0.5,1.5,0.294,0.1,0.5,0.167,0.4,1,0.364,0.324,0.2,0.2,1,0.1,0.5,0.5,0.3,0.1,0,0.3,0.7,1.2
450,Norman Powell\powelno01,SF-SG,28,TOT,42,40,32.9,6.2,13.6,0.46,2.3,5.7,0.408,3.9,7.9,0.497,0.546,4,5,0.808,0.4,2.8,3.2,2.1,1,0.5,1.5,2.3,18.8
450,Norman Powell\powelno01,SF,28,POR,40,39,33.3,6.2,13.6,0.456,2.3,5.7,0.406,3.9,7.8,0.492,0.542,4,5,0.803,0.4,2.9,3.3,2.1,1,0.4,1.6,2.3,18.7
450,Norman Powell\powelno01,SG,28,LAC,2,1,23.5,7.5,14,0.536,2.5,5.5,0.455,5,8.5,0.588,0.625,4.5,5,0.9,0.5,1,1.5,3,0.5,1,1.5,3,22
451,Joshua Primo\primojo01,SG,19,SAS,26,4,15.4,1.7,4.7,0.364,0.8,2.4,0.317,0.9,2.2,0.414,0.446,0.5,0.7,0.778,0.6,1,1.7,1.4,0.3,0.5,1,1,4.7
452,Taurean Prince\princta02,PF,27,MIN,44,8,15.6,2.1,4.5,0.455,1.1,2.8,0.393,1,1.8,0.551,0.575,0.6,0.8,0.757,0.4,2,2.4,0.9,0.6,0.2,0.7,1.5,5.9
453,Payton Pritchard\pritcpa01,SG,24,BOS,45,2,12.2,1.8,4.6,0.385,1,2.8,0.371,0.7,1.8,0.407,0.498,0.3,0.3,1,0.3,1.3,1.6,1.7,0.2,0.1,0.6,0.9,4.8
454,Trevelin Queen\queentr01,SG,24,HOU,8,0,8.6,1.6,3.6,0.448,1,2.8,0.364,0.6,0.9,0.714,0.586,0.4,0.4,1,0.6,1.1,1.8,0.4,0.6,0,0.9,0.8,4.6
455,Neemias Queta\quetane01,C,22,SAC,10,0,5.6,0.9,2.3,0.391,0,0,,0.9,2.3,0.391,0.391,0.3,0.5,0.6,1.1,0.8,1.9,0.4,0.1,0.4,0.4,1.1,2.1
456,Immanuel Quickley\quickim01,PG,22,NYK,51,2,21.7,3.2,8.6,0.367,1.6,4.9,0.331,1.5,3.7,0.415,0.461,1.6,1.8,0.912,0.3,2,2.3,3,0.6,0.1,1.3,2.3,9.6
457,Jahmi'us Ramsey\ramseja01,SG,20,SAC,19,0,7.1,1.3,3.1,0.414,0.3,0.9,0.278,1,2.1,0.475,0.457,0.4,0.7,0.5,0.2,0.5,0.7,0.4,0.1,0.1,0.3,0.5,3.2
458,Julius Randle\randlju01,PF,27,NYK,53,53,35.4,6.9,16.5,0.42,1.7,5.4,0.31,5.3,11.1,0.473,0.47,3.6,4.8,0.752,1.9,8.1,9.9,5.1,0.8,0.6,3.5,2.8,19.1
459,Austin Reaves\reaveau01,SG,23,LAL,37,0,21.1,2,4.2,0.471,0.8,2.4,0.322,1.2,1.8,0.672,0.564,1.1,1.4,0.824,0.6,2,2.6,1.2,0.3,0.2,0.5,1.4,5.9
460,Cam Reddish\reddica01,SF,22,TOT,39,7,21.7,3.6,9.2,0.396,1.5,4.2,0.364,2.1,5.1,0.421,0.478,2.1,2.3,0.912,0.5,1.8,2.3,1,0.9,0.3,1.2,1.2,10.9
460,Cam Reddish\reddica01,SF,22,ATL,34,7,23.4,4.1,10.1,0.402,1.7,4.5,0.379,2.4,5.6,0.421,0.487,2.1,2.4,0.9,0.6,1.9,2.5,1.1,1,0.3,1.3,1.3,11.9
460,Cam Reddish\reddica01,SF,22,NYK,5,0,10,0.8,3.2,0.25,0.2,1.8,0.111,0.6,1.4,0.429,0.281,2.2,2.2,1,0.2,1.2,1.4,0,0.4,0.2,0.8,0.2,4
461,Davon Reed\reedda01,SG,26,DEN,28,3,14.3,1.6,3.4,0.474,0.8,1.9,0.434,0.8,1.5,0.524,0.595,0.1,0.2,0.8,0.4,2.3,2.6,1,0.6,0.1,0.3,1.4,4.2
462,Paul Reed\reedpa01,C,22,PHI,21,2,8.8,1,2,0.465,0,0.2,0,1,1.9,0.513,0.465,0.1,0.4,0.375,1,1.3,2.2,0.5,0.6,0.5,0.3,1.3,2
463,Naz Reid\reidna01,C,22,MIN,52,5,16,3,6.4,0.467,0.8,2.2,0.345,2.2,4.2,0.532,0.527,1.4,2,0.728,1.5,2.4,3.9,0.8,0.4,1,1.1,2.2,8.2
464,Nick Richards\richani01,C,24,CHO,40,5,8.5,1.4,2,0.679,0,0,,1.4,2,0.679,0.679,0.8,1,0.732,0.8,1.3,2,0.3,0.2,0.5,0.5,1.2,3.5
465,Josh Richardson\richajo01,SG,28,BOS,44,0,24.7,3.5,7.8,0.443,1.4,3.5,0.397,2,4.3,0.481,0.534,1.4,1.6,0.859,0.6,2.3,2.8,1.5,0.8,0.5,0.9,1.9,9.7
466,Austin Rivers\riverau01,SG,29,DEN,40,13,21.1,2.2,5.5,0.406,1.3,3.6,0.352,1,1.9,0.514,0.523,0.5,0.7,0.704,0.3,1.3,1.6,1.1,0.7,0.1,0.8,1.6,6.2
467,Duncan Robinson\robindu01,SG,27,MIA,52,47,27.4,3.9,10,0.394,3,8.4,0.362,0.9,1.6,0.566,0.546,0.7,0.9,0.822,0.4,2.7,3,1.5,0.6,0.2,0.9,2.6,11.6
468,Justin Robinson\robinju01,PG,24,TOT,25,0,12.2,1.1,3.7,0.301,0.7,2.4,0.295,0.4,1.3,0.313,0.398,0.2,0.3,0.5,0.2,0.7,0.8,1.3,0.4,0,0.7,1.1,3.1
468,Justin Robinson\robinju01,PG,24,MIL,17,0,11.6,1.1,3.4,0.316,0.6,2.2,0.27,0.5,1.2,0.4,0.404,0.1,0.1,1,0.1,0.6,0.8,1.2,0.5,0,0.6,1,2.8
468,Justin Robinson\robinju01,PG,24,SAC,3,0,5,0.3,2.7,0.125,0,1,0,0.3,1.7,0.2,0.125,0,0,,0,0.3,0.3,0.7,0,0,0.3,0.7,0.7
468,Justin Robinson\robinju01,PG,24,DET,5,0,18.2,1.8,5.6,0.321,1.6,4.2,0.381,0.2,1.4,0.143,0.464,0.4,1.2,0.333,0.4,1,1.4,1.8,0.2,0.2,1,1.6,5.6
469,Mitchell Robinson\robinmi01,C,23,NYK,49,40,25.4,3.6,4.7,0.781,0,0,,3.6,4.7,0.781,0.781,1.3,2.6,0.516,3.8,4.9,8.7,0.5,0.6,1.6,0.8,2.7,8.6
470,Jeremiah Robinson-Earl\robinje02,C,21,OKC,44,36,23,2.7,6.6,0.401,1.1,3.4,0.333,1.5,3.2,0.472,0.486,0.7,1,0.714,1.6,4.2,5.8,1,0.6,0.3,0.8,1.7,7.1
471,Isaiah Roby\robyis01,PF,23,OKC,18,5,13.7,2.6,4.7,0.56,0.6,1.2,0.5,2,3.4,0.581,0.625,0.9,1.2,0.762,1.1,2.2,3.3,0.7,0.2,0.3,0.8,1.4,6.7
472,Rajon Rondo\rondora01,PG,35,TOT,29,0,17.8,1.7,4.8,0.343,0.7,2.3,0.313,0.9,2.5,0.37,0.418,0.5,0.6,0.824,0.4,2.4,2.9,4.1,0.8,0.2,1.9,1.5,4.5
472,Rajon Rondo\rondora01,PG,35,LAL,18,0,16.1,1.3,3.9,0.324,0.4,1.7,0.267,0.8,2.3,0.366,0.38,0.1,0.1,0.5,0.6,2.2,2.7,3.7,0.7,0.3,1.9,1.4,3.1
472,Rajon Rondo\rondora01,PG,35,CLE,11,0,20.5,2.3,6.3,0.362,1.2,3.4,0.351,1.1,2.9,0.375,0.457,1.2,1.4,0.867,0.3,2.9,3.2,4.7,0.9,0,1.8,1.7,6.9
473,Derrick Rose\rosede01,PG,33,NYK,26,4,24.5,4.7,10.5,0.445,1.4,3.5,0.402,3.3,7,0.467,0.513,1.2,1.2,0.968,0.8,2.2,3,4,0.8,0.5,1.5,0.6,12
474,Terrence Ross\rosste01,SG,30,ORL,47,0,24.5,3.7,9.3,0.405,1.3,4.3,0.308,2.4,5,0.487,0.476,2.1,2.4,0.874,0.3,2.3,2.6,2,0.5,0.3,1.4,1.2,10.9
475,Terry Rozier\roziete01,SG,27,CHO,47,47,33.3,6.8,15.7,0.43,3,8.1,0.366,3.8,7.6,0.497,0.524,1.9,2.3,0.806,0.7,3.5,4.2,4,1.1,0.3,1.3,1.4,18.4
476,Ricky Rubio\rubiori01,PG,31,CLE,34,8,28.5,4.4,12.1,0.363,1.7,5.1,0.339,2.6,7,0.38,0.434,2.6,3,0.854,0.4,3.7,4.1,6.6,1.4,0.2,2.6,2.2,13.1
477,D'Angelo Russell\russeda01,PG,25,MIN,41,41,32,6.6,16,0.412,3,8.6,0.353,3.6,7.4,0.479,0.506,2.8,3.5,0.806,0.4,3.2,3.6,7,1,0.5,2.6,2.1,19
478,Domantas Sabonis\sabondo01,C-PF,25,TOT,48,47,34.7,7.1,12.3,0.578,0.7,2.3,0.321,6.4,10,0.636,0.608,4,5.4,0.739,3.3,8.8,12.1,5,1,0.5,3.1,3.1,19
478,Domantas Sabonis\sabondo01,C,25,IND,47,46,34.7,7,12.1,0.58,0.7,2.3,0.324,6.3,9.9,0.639,0.61,4.1,5.5,0.74,3.3,8.8,12.1,5,1,0.5,3,3.1,18.9
478,Domantas Sabonis\sabondo01,PF,25,SAC,1,1,33,10,19,0.526,0,1,0,10,18,0.556,0.526,2,3,0.667,5,9,14,5,1,0,4,4,22
479,Olivier Sarr\sarrol01,C,22,OKC,2,0,7,0.5,1.5,0.333,0,0.5,0,0.5,1,0.5,0.333,1,1,1,0,2.5,2.5,0,0,1,0,0.5,2
480,Tomáš Satoranský\satorto01,SG,30,NOP,32,3,15,1,3.3,0.299,0.2,1,0.161,0.8,2.4,0.355,0.322,0.6,0.8,0.76,0.6,1.4,2,2.4,0.4,0,0.7,1,2.8
481,Jordan Schakel\schakjo01,SG,23,WAS,2,0,7,0,3,0,0,1.5,0,0,1.5,0,0,0,0,,1,0.5,1.5,0,0,0,0,0,0
482,Admiral Schofield\schofad01,SF,24,ORL,20,1,11.8,1.4,2.8,0.491,0.6,1.7,0.333,0.8,1.1,0.727,0.591,0.2,0.3,0.6,0.3,1.9,2.2,0.8,0.1,0.2,0.6,1.4,3.4
483,Dennis Schröder\schrode01,SG,28,BOS,49,25,29.2,5.2,11.9,0.44,1.4,3.9,0.349,3.9,8,0.485,0.497,2.5,3,0.848,0.6,2.8,3.3,4.2,0.8,0.1,2.1,2.4,14.4
484,Tre Scott\scotttr01,SF,25,CLE,2,0,5.5,1.5,3,0.5,0,0.5,0,1.5,2.5,0.6,0.5,0,0,,0.5,0.5,1,0,0.5,0.5,0,1,3
485,Jay Scrubb\scrubja01,SG,21,LAC,18,0,6.7,1,2.6,0.391,0.3,1.2,0.286,0.7,1.4,0.48,0.457,0.4,0.6,0.7,0.1,0.8,0.9,0.4,0.2,0.2,0.4,0.5,2.7
486,Wayne Selden\seldewa01,SG,27,NYK,3,0,6.3,0.3,1.3,0.25,0.3,0.7,0.5,0,0.7,0,0.375,0.7,1.3,0.5,0,0.3,0.3,0.3,0,0,0,0.3,1.7
487,Alperen Şengün\sengual01,C,19,HOU,46,4,18.7,3.1,6.4,0.481,0.3,1.3,0.259,2.8,5.2,0.536,0.507,2.3,3.3,0.707,1.7,3,4.7,2.4,0.8,1,2,2.9,8.8
488,Collin Sexton\sextoco01,SG,23,CLE,11,11,28.7,6.2,13.7,0.45,1,4.1,0.244,5.2,9.6,0.538,0.487,2.6,3.5,0.744,1.2,2.1,3.3,2.1,0.9,0,2.8,2.3,16
489,Landry Shamet\shamela01,SG,24,PHO,45,7,19.8,2.4,6.4,0.37,1.6,4.5,0.353,0.8,2,0.409,0.493,1,1.2,0.852,0.2,1.7,1.9,1.6,0.5,0.1,0.5,1.2,7.4
490,Day'Ron Sharpe\sharpda01,PF,20,BRK,26,8,12.5,2.7,4.8,0.563,0,0.2,0.25,2.7,4.7,0.574,0.567,0.7,1.2,0.6,2.6,2.4,5,0.5,0.3,0.6,1,2.1,6.2
491,Pascal Siakam\siakapa01,PF,27,TOR,40,40,37.9,8.2,16.9,0.487,1.1,3.1,0.355,7.1,13.8,0.517,0.52,4.1,5.5,0.736,2.2,6.7,8.9,5.2,1.3,0.8,2.8,3.5,21.6
492,Chris Silva\silvach01,PF,25,TOT,10,0,9.1,0.8,1.5,0.533,0,0,,0.8,1.5,0.533,0.533,1,1.2,0.833,1.3,2.3,3.6,0.7,0,0.1,0.8,2,2.6
492,Chris Silva\silvach01,PF,25,MIN,1,0,3,0,0,,0,0,,0,0,,,0,0,,0,1,1,0,0,0,0,0,0
492,Chris Silva\silvach01,PF,25,MIA,9,0,9.8,0.9,1.7,0.533,0,0,,0.9,1.7,0.533,0.533,1.1,1.3,0.833,1.4,2.4,3.9,0.8,0,0.1,0.9,2.2,2.9
493,Marko Simonovic\simonma01,C,22,CHI,9,0,3.9,0.4,1.7,0.267,0.1,0.6,0.2,0.3,1.1,0.3,0.3,0.9,1.2,0.727,0.6,0.6,1.1,0,0.1,0.1,0.2,0.7,1.9
494,Anfernee Simons\simonan01,SG,22,POR,50,23,29,5.8,13.3,0.439,2.9,7.3,0.392,3,6,0.497,0.547,1.6,1.8,0.888,0.5,2.2,2.7,3.7,0.5,0.1,1.9,1.9,16.1
495,Jericho Sims\simsje01,PF,23,NYK,17,0,6.5,0.5,0.6,0.727,0,0,,0.5,0.6,0.727,0.727,0.2,0.2,0.75,0.6,0.9,1.6,0.1,0.2,0.4,0.1,0.5,1.1
496,Deividas Sirvydis\sirvyde01,SG,21,DET,3,0,9,0.3,3.3,0.1,0.3,2.3,0.143,0,1,0,0.15,0,0,,0,2,2,0.3,1,0.3,0,1.3,1
497,Javonte Smart\smartja01,PG,22,MIL,13,1,12.3,0.8,3.3,0.256,0.3,1.4,0.222,0.5,1.9,0.28,0.302,0.4,0.5,0.833,0.3,1.2,1.5,1.1,0.3,0.2,0.7,0.8,2.4
498,Marcus Smart\smartma01,PG,27,BOS,47,47,33,4,9.8,0.414,1.5,4.8,0.316,2.5,5,0.509,0.491,1.9,2.4,0.791,0.6,3.3,4,5.4,1.8,0.3,2.1,2.5,11.5
499,Dennis Smith Jr.\smithde03,PG,24,POR,37,4,17.2,2.1,5.1,0.418,0.2,0.7,0.222,2,4.4,0.451,0.434,1.1,1.7,0.656,0.5,1.8,2.4,3.6,1.2,0.3,1.4,1.4,5.6
500,Ish Smith\smithis01,PG,33,CHO,37,1,13.8,2,5,0.395,0.3,0.7,0.4,1.7,4.3,0.394,0.422,0.3,0.5,0.632,0.3,1.2,1.5,2.6,0.5,0.3,1,0.9,4.5
501,Jalen Smith\smithja04,PF,21,PHO,29,4,13.2,2.2,4.7,0.46,0.3,1.3,0.231,1.9,3.4,0.551,0.493,1.4,1.8,0.769,1.9,2.9,4.8,0.2,0.2,0.6,0.8,1.8,6
502,Xavier Sneed\sneedxa01,SF,24,MEM,2,0,4,0,1,0,0,1,0,0,0,,0,0,0,,0.5,0.5,1,0,0,0,0,1,0
503,Tony Snell\snellto01,SG,30,POR,38,10,14.4,0.9,2.6,0.371,0.6,2,0.32,0.3,0.6,0.545,0.495,0.1,0.1,1,0.3,1.6,1.9,0.5,0.2,0.2,0.3,1.2,2.6
504,Jaden Springer\sprinja01,SG,19,PHI,2,0,3,0.5,0.5,1,0,0,,0.5,0.5,1,1,0,0,,0.5,0.5,1,0,0,1,0.5,0,1
505,Cassius Stanley\stanlca01,SG,22,DET,9,1,17.2,2.1,5.1,0.413,0.4,1.9,0.235,1.7,3.2,0.517,0.457,1.1,1.1,1,0.6,1.6,2.1,0.4,0.6,0.2,0.7,1.9,5.8
506,Nik Stauskas\stausni01,SG,28,MIA,2,0,12,1.5,4,0.375,1,2,0.5,0.5,2,0.25,0.5,1.5,2,0.75,0.5,1,1.5,0.5,0,0,0,0.5,5.5
507,Lance Stephenson\stephla01,SG-SF,31,TOT,26,1,17.1,3,6.7,0.451,0.5,2.1,0.259,2.5,4.6,0.538,0.491,1.3,1.6,0.786,0.4,2.5,2.9,3.7,0.4,0,1.6,1.9,7.8
507,Lance Stephenson\stephla01,SF,31,ATL,6,0,11.7,0.8,2.2,0.385,0,0.5,0,0.8,1.7,0.5,0.385,0.2,0.3,0.5,0.2,2.3,2.5,1.8,0,0,0.7,1.3,1.8
507,Lance Stephenson\stephla01,SG,31,IND,20,1,18.8,3.7,8,0.456,0.7,2.6,0.275,3,5.5,0.541,0.5,1.6,2,0.8,0.5,2.6,3.1,4.3,0.5,0.1,1.9,2.1,9.6
508,Lamar Stevens\stevela01,PF,24,CLE,39,8,14.8,2.1,4.5,0.477,0.3,1.1,0.302,1.8,3.4,0.534,0.514,0.6,1,0.625,0.7,1.6,2.3,0.6,0.5,0.2,0.6,1.5,5.2
509,Isaiah Stewart\stewais01,C,20,DET,46,46,26,3.5,6.7,0.518,0.1,0.5,0.125,3.4,6.2,0.551,0.523,1,1.5,0.657,3,5.5,8.5,1.1,0.3,1.1,1.3,2.9,8
510,Max Strus\strusma01,SF,25,MIA,43,9,24.1,3.9,8.7,0.444,2.7,6.6,0.41,1.2,2.2,0.548,0.598,0.7,0.9,0.775,0.4,2.9,3.3,1.3,0.3,0.2,0.8,1.7,11.2
511,Jalen Suggs\suggsja01,PG,20,ORL,35,32,28,4.3,11.7,0.366,1,4.2,0.245,3.3,7.5,0.433,0.41,2.6,3.4,0.773,0.6,3.1,3.7,4.2,1.2,0.4,3.1,3,12.2
512,Craig Sword\swordcr01,SG,28,WAS,3,0,6.3,1,1.3,0.75,0,0.3,0,1,1,1,0.75,0,0,,0,0,0,0.3,1.3,0,0.3,2.3,2
513,Keifer Sykes\sykeske01,PG,28,IND,18,10,19.6,2.4,6.7,0.367,0.9,3.1,0.304,1.5,3.6,0.422,0.438,0.7,0.8,0.857,0.3,1.6,1.9,2.1,0.4,0.2,1.3,2,6.5
514,Jae'Sean Tate\tateja01,SF,26,HOU,52,51,27.3,4.8,9.7,0.5,0.8,2.6,0.301,4,7,0.574,0.541,1.9,2.7,0.7,1.7,3.9,5.6,3.1,1,0.6,1.9,3.7,12.3
515,Jayson Tatum\tatumja01,SF,23,BOS,52,52,36,8.9,20.7,0.431,2.8,8.4,0.328,6.2,12.3,0.501,0.497,5,5.9,0.84,1.2,7.2,8.4,4.1,1,0.7,2.9,2.4,25.5
516,Terry Taylor\taylote01,SG,22,IND,10,1,16.6,3.7,6.7,0.552,0.4,0.7,0.571,3.3,6,0.55,0.582,0.8,1,0.8,3.5,3.1,6.6,1.6,0.1,0.2,0.4,1.8,8.6
517,Garrett Temple\templga01,SG,35,NOP,50,16,19.7,2,5.2,0.382,1,3.2,0.319,1,2,0.48,0.479,0.6,0.8,0.718,0.5,2.1,2.6,1.3,0.8,0.4,0.8,1.5,5.6
518,Emanuel Terry\terryem01,PF,25,PHO,3,0,6,0,1.7,0,0,0,,0,1.7,0,0,0,0,,2.7,2.3,5,0.7,0.3,0,1.7,1.3,0
519,Tyrell Terry\terryty01,PG,21,MEM,2,0,1.5,0.5,0.5,1,0,0,,0.5,0.5,1,1,0,0,,0,0,0,0,0,0,0,0.5,1
520,Jon Teske\teskejo01,C,24,MEM,3,0,2.7,0,0.3,0,0,0,,0,0.3,0,0,0,0.7,0,0,0.7,0.7,0.3,0.3,0,0,0.3,0
521,Daniel Theis\theisda01,C,29,HOU,26,21,22.5,3.2,6.9,0.469,0.9,3,0.291,2.3,3.8,0.61,0.534,1,1.5,0.675,1.2,3.8,5,0.8,0.4,0.7,1.2,2.4,8.4
522,Brodric Thomas\thomabr01,SG,25,BOS,7,0,4,0.1,1.3,0.111,0,0.9,0,0.1,0.4,0.333,0.111,0.3,0.3,1,0.3,0.4,0.7,0.7,0,0,0.4,0.1,0.6
523,Cam Thomas\thomaca02,SG,20,BRK,43,1,18.3,3.3,7.7,0.438,0.7,2.8,0.258,2.6,4.9,0.541,0.485,1.1,1.4,0.783,0.2,2.2,2.4,1.2,0.5,0.2,0.8,0.8,8.5
524,Isaiah Thomas\thomais02,PG,32,TOT,5,1,22.8,3,9.4,0.319,1,5,0.2,2,4.4,0.455,0.372,1.6,2.2,0.727,0.2,1.4,1.6,2,0,0.4,1,2.4,8.6
524,Isaiah Thomas\thomais02,PG,32,LAL,4,1,25.3,3,9.8,0.308,1.3,5.5,0.227,1.8,4.3,0.412,0.372,2,2.8,0.727,0.3,1.8,2,1.5,0,0.5,1.3,3,9.3
524,Isaiah Thomas\thomais02,PG,32,DAL,1,0,13,3,8,0.375,0,3,0,3,5,0.6,0.375,0,0,,0,0,0,4,0,0,0,0,6
525,Matt Thomas\thomama02,SG,27,CHI,32,0,13,1.6,3.8,0.413,1,2.6,0.402,0.5,1.2,0.436,0.55,0.4,0.5,0.765,0.1,1.3,1.4,0.6,0.2,0.1,0.2,0.5,4.6
526,Klay Thompson\thompkl01,SG,31,GSW,12,12,23.9,6,14.1,0.426,2.8,7.5,0.378,3.2,6.6,0.481,0.527,1.8,1.8,1,0.5,2.8,3.3,3,0.7,0.5,1.6,1.4,16.7
527,Tristan Thompson\thomptr01,PF,30,SAC,30,3,15.2,2.5,5,0.503,0,0,1,2.5,5,0.5,0.507,1.1,2,0.533,2.4,3,5.4,0.6,0.4,0.4,1,1.7,6.2
528,JT Thor\thorjt01,PF,19,CHO,15,0,8.5,0.7,2.1,0.344,0.3,1.3,0.25,0.4,0.8,0.5,0.422,0.5,0.7,0.7,0.4,0.9,1.3,0.5,0.3,0.4,0.3,0.9,2.3
529,Matisse Thybulle\thybuma01,SG,24,PHI,39,24,26.5,2.3,4.6,0.503,0.8,2.4,0.316,1.6,2.2,0.709,0.586,0.3,0.5,0.684,0.5,1.8,2.3,1.1,1.7,1.1,0.6,2.2,5.8
530,Killian Tillie\tilliki02,C,23,MEM,32,3,13.3,1.3,3.6,0.362,0.8,2.4,0.338,0.5,1.2,0.41,0.474,0.2,0.3,0.625,0.6,1.1,1.7,0.6,0.7,0.4,0.3,1.7,3.6
531,Xavier Tillman Sr.\tillmxa01,PF,23,MEM,39,0,13.1,1.8,3.9,0.451,0.2,0.9,0.2,1.6,3,0.525,0.474,0.8,1.2,0.646,1.2,1.8,3,1,1.1,0.4,0.7,1.3,4.5
532,Isaiah Todd\toddis01,PF,20,WAS,9,0,3.9,0.6,1.7,0.333,0.4,1.1,0.4,0.1,0.6,0.2,0.467,0.2,0.4,0.5,0.2,0.8,1,0.1,0.2,0.2,0.1,0.1,1.8
533,Obi Toppin\toppiob01,PF,23,NYK,50,2,15.5,2.9,5.6,0.523,0.4,1.7,0.238,2.5,3.9,0.646,0.559,1.3,1.7,0.75,0.9,2.7,3.6,0.9,0.3,0.4,0.7,1.4,7.5
534,Juan Toscano-Anderson\toscaju01,SF,28,GSW,53,5,15.1,1.8,3.8,0.49,0.4,1.4,0.306,1.4,2.4,0.594,0.545,0.6,1.1,0.596,0.5,2.2,2.7,1.9,0.7,0.3,1.1,1.6,4.8
535,Karl-Anthony Towns\townska01,C,26,MIN,48,48,34.3,8.6,16.6,0.521,2.1,5.2,0.406,6.5,11.4,0.574,0.585,4.8,5.9,0.817,2.8,6.7,9.5,4,1,1.2,3.3,3.6,24.3
536,Gary Trent Jr.\trentga02,SG,23,TOR,44,43,34.8,6.6,15.3,0.431,3.2,7.9,0.401,3.5,7.5,0.463,0.534,1.8,2.3,0.818,0.3,2.4,2.7,2,1.9,0.3,1,2.1,18.2
537,P.J. Tucker\tuckepj01,PF,36,MIA,48,47,28.3,3.2,6.3,0.503,1.4,3.1,0.469,1.7,3.2,0.535,0.618,0.7,1,0.723,1.4,4,5.4,2.1,0.9,0.2,1,2.3,8.5
538,Rayjon Tucker\tuckera01,SG,24,DEN,3,0,9.7,0.3,0.7,0.5,0.3,0.7,0.5,0,0,,0.75,1,1.3,0.75,0.3,1,1.3,1.3,0.3,0,0,1,2
539,Myles Turner\turnemy01,C,25,IND,42,42,29.4,4.8,9.4,0.509,1.5,4.4,0.333,3.3,5,0.662,0.587,1.9,2.5,0.752,1.5,5.5,7.1,1,0.7,2.8,1.3,2.8,12.9
540,Jonas Valančiūnas\valanjo01,C,29,NOP,48,48,31.3,6.9,13.1,0.529,0.9,2.3,0.402,6,10.8,0.556,0.564,3.3,4,0.814,3.4,8.3,11.6,2.6,0.5,0.9,2.5,3.3,18.1
541,Denzel Valentine\valende01,SG,28,TOT,24,0,9.3,1,2.8,0.379,0.8,2,0.404,0.3,0.8,0.316,0.523,0,0,,0.4,1.4,1.8,0.5,0.3,0,0.5,0.8,2.9
541,Denzel Valentine\valende01,SG,28,CLE,22,0,9.3,1,2.8,0.371,0.8,2,0.409,0.2,0.8,0.278,0.516,0,0,,0.4,1.3,1.7,0.5,0.3,0,0.5,0.8,2.9
541,Denzel Valentine\valende01,SG,28,UTA,2,0,9,1,2,0.5,0.5,1.5,0.333,0.5,0.5,1,0.625,0,0,,0,2,2,0,0.5,0,1,1.5,2.5
542,Jarred Vanderbilt\vandeja01,PF,22,MIN,50,43,26,3,5.1,0.592,0,0.2,0.182,3,4.9,0.611,0.596,1.2,1.8,0.663,3.2,5.8,9,1.4,1.5,0.7,1,2.6,7.3
543,Fred VanVleet\vanvlfr01,PG,27,TOR,48,48,38.6,7.3,17.5,0.418,4,10,0.397,3.3,7.4,0.445,0.532,3,3.4,0.873,0.8,3.8,4.6,7.1,1.7,0.5,2.7,2.4,21.6
544,Devin Vassell\vassede01,SF,21,SAS,47,8,25.4,4.4,10.1,0.432,1.7,5.1,0.345,2.6,5,0.521,0.519,0.9,1.1,0.792,0.6,3.7,4.3,1.5,1,0.6,0.7,2.1,11.4
545,Gabe Vincent\vincega01,PG,25,MIA,46,19,23.9,3.4,7.9,0.431,1.9,4.9,0.392,1.5,2.9,0.496,0.554,0.7,0.9,0.8,0.4,1.6,2,3.3,1,0.2,1.6,2.5,9.4
546,Nikola Vučević\vucevni01,C,31,CHI,48,48,33.7,7.4,15.9,0.466,1.6,4.8,0.329,5.8,11.1,0.525,0.516,1.2,1.6,0.727,2,9.6,11.6,3.6,1,1.2,1.8,2.5,17.5
547,Dean Wade\wadede01,PF,25,CLE,40,22,19.1,1.9,4.2,0.449,1,2.8,0.366,0.9,1.4,0.618,0.572,0.4,0.6,0.609,0.6,2.4,3,1.1,0.6,0.1,0.4,1.6,5.1
548,Franz Wagner\wagnefr01,SF,20,ORL,56,56,32.1,6,12.9,0.464,1.3,3.5,0.359,4.7,9.4,0.503,0.512,2.4,2.9,0.85,1.1,3.5,4.6,3,0.9,0.5,1.6,2.2,15.6
549,Moritz Wagner\wagnemo01,C,24,ORL,45,0,12.5,2.6,5.3,0.5,0.9,2.8,0.331,1.7,2.5,0.684,0.586,1.4,1.8,0.797,0.5,2,2.4,1.1,0.3,0.2,0.7,1.8,7.6
550,Ish Wainright\wainris01,PF,27,PHO,27,0,7.4,0.8,2.1,0.362,0.3,1.1,0.29,0.4,1,0.444,0.44,0.1,0.2,0.4,0.7,0.6,1.3,0.3,0.3,0.1,0.4,1.2,2
551,Kemba Walker\walkeke02,PG,31,NYK,33,33,25.8,4.1,10.1,0.401,2,5.4,0.365,2.1,4.7,0.442,0.499,1.5,1.8,0.817,0.4,2.8,3.2,3.5,0.8,0.2,1.4,1.1,11.6
552,Lonnie Walker IV\walkelo01,SG,23,SAS,50,6,22.7,4,10.4,0.388,1.4,4.8,0.294,2.6,5.7,0.466,0.455,1.5,1.8,0.831,0.2,2.3,2.5,2.3,0.7,0.3,1.1,1.4,11
553,M.J. Walker\walkemj01,SG,23,PHO,2,0,4,0,2,0,0,1,0,0,1,0,0,0,0,,0,0.5,0.5,0.5,1,0,0,0.5,0
554,Derrick Walton\waltode01,PG,26,DET,3,3,36,2,8.7,0.231,1,4.3,0.231,1,4.3,0.231,0.288,1.3,1.3,1,0.7,2.7,3.3,7,2.3,1.3,3.7,2.7,6.3
555,Brad Wanamaker\wanambr01,PG,32,TOT,23,2,13.9,1.2,3.3,0.364,0.2,0.7,0.235,1,2.6,0.4,0.39,1,1.1,0.92,0.3,1.4,1.7,2.4,0.3,0.3,1,2,3.6
555,Brad Wanamaker\wanambr01,PG,32,IND,22,1,13.3,1.2,3.3,0.361,0.2,0.8,0.235,1,2.5,0.4,0.389,0.9,1,0.909,0.3,1.3,1.6,2.2,0.2,0.3,1,1.9,3.5
555,Brad Wanamaker\wanambr01,PG,32,WAS,1,1,27,2,5,0.4,0,0,,2,5,0.4,0.4,3,3,1,0,4,4,7,2,0,0,3,7
556,Duane Washington Jr.\washidu02,PG,21,IND,24,7,21,3.6,9.3,0.384,1.7,4.8,0.348,1.9,4.5,0.422,0.473,0.9,1.1,0.808,0.1,2,2,2,0.5,0,1,1.3,9.7
557,P.J. Washington\washipj01,PF,23,CHO,39,4,24.6,3.5,7.8,0.446,1.8,4.7,0.386,1.7,3.1,0.537,0.562,1.1,1.5,0.729,1.3,4.2,5.5,2,0.7,0.9,1.3,2.5,9.9
558,Yuta Watanabe\watanyu01,SF,27,TOR,23,4,15.3,1.8,4.5,0.398,0.9,2.5,0.351,0.9,2,0.457,0.495,0.6,1.1,0.538,0.6,2.4,3,0.7,0.3,0.4,0.7,1.3,5
559,Tremont Waters\watertr01,PG,24,TOT,3,0,16.7,1.3,4.7,0.286,0.7,3,0.222,0.7,1.7,0.4,0.357,0,0,,0,1.3,1.3,2.3,1.7,0,1.3,1.3,3.3
559,Tremont Waters\watertr01,PG,24,TOR,2,0,21,1.5,6,0.25,1,4.5,0.222,0.5,1.5,0.333,0.333,0,0,,0,2,2,3.5,2,0,2,1,4
559,Tremont Waters\watertr01,PG,24,WAS,1,0,8,1,2,0.5,0,0,,1,2,0.5,0.5,0,0,,0,0,0,0,1,0,0,2,2
560,Trendon Watford\watfotr01,SF,21,POR,30,0,12.1,1.9,3.2,0.583,0,0.3,0,1.9,2.9,0.651,0.583,0.7,1,0.677,0.8,2.1,2.9,0.9,0.3,0.5,0.7,1.6,4.4
561,Paul Watson\watsopa01,SF,27,OKC,9,3,17.3,1.3,3.9,0.343,0.7,2.9,0.231,0.7,1,0.667,0.429,0.1,0.2,0.5,0.3,2.7,3,0.9,0.3,0.3,0.4,1.1,3.4
562,Quinndary Weatherspoon\weathqu01,SG,25,GSW,5,0,6.6,1.2,2,0.6,0,0.2,0,1.2,1.8,0.667,0.6,0.4,0.4,1,0.2,1,1.2,0.4,0.2,0.2,0.6,1.4,2.8
563,Russell Westbrook\westbru01,PG,33,LAL,55,55,34.6,6.9,15.9,0.435,1,3.5,0.298,5.9,12.5,0.473,0.467,3.4,5.1,0.665,1.4,6.5,7.8,7.6,1.1,0.3,4.1,3,18.3
564,Coby White\whiteco01,PG,21,CHI,35,12,27.5,4.7,10.7,0.437,2.1,5.7,0.362,2.6,5,0.523,0.533,1.5,1.8,0.841,0.3,2.5,2.7,2.6,0.5,0.3,1.2,2.2,12.9
565,Derrick White\whitede01,SG,27,SAS,49,48,30.3,5,11.6,0.426,1.7,5.3,0.314,3.3,6.4,0.519,0.497,2.8,3.3,0.869,0.5,3,3.5,5.6,1,0.9,1.8,2.4,14.4
566,Hassan Whiteside\whiteha01,C,32,UTA,43,7,18.3,3.4,5.4,0.627,0,0,,3.4,5.4,0.627,0.627,1.7,2.6,0.655,2.3,5.1,7.4,0.4,0.3,1.5,0.9,3,8.5
567,Joe Wieskamp\wieskjo01,SG,22,SAS,14,0,6.3,0.9,1.9,0.481,0.6,1.3,0.444,0.4,0.6,0.556,0.63,0.2,0.5,0.429,0.1,0.4,0.5,0.3,0.1,0.1,0.1,0.4,2.6
568,Aaron Wiggins\wiggiaa01,SG,23,OKC,31,18,21.9,2.7,5.6,0.486,0.8,2.5,0.329,1.9,3.1,0.615,0.56,1.1,1.5,0.702,0.9,2.6,3.5,1.1,0.7,0.2,0.9,1.8,7.4
569,Andrew Wiggins\wiggian01,SF,26,GSW,50,50,31.6,6.8,14,0.484,2.3,5.5,0.415,4.5,8.5,0.528,0.565,2.2,3.3,0.669,1,3.2,4.2,2.1,1,0.7,1.5,1.9,18
570,Lindell Wigginton\wiggili01,PG,23,MIL,6,0,4.2,1,1,1,0.3,0.3,1,0.7,0.7,1,1.167,0,0,,0,0.2,0.2,0.5,0.3,0.2,0.2,0.5,2.3
571,Brandon Williams\willibr03,PG,22,POR,2,0,6,1,1.5,0.667,0,0,,1,1.5,0.667,0.667,2,3.5,0.571,0,1,1,1,0,0,0,0,4
572,Grant Williams\willigr01,PF,23,BOS,51,13,22.8,2.5,5.1,0.483,1.5,3.4,0.429,1,1.6,0.595,0.627,0.8,0.9,0.896,0.8,2.5,3.3,1.1,0.5,0.7,0.8,2.2,7.2
573,Kenrich Williams\willike04,SF,27,OKC,46,0,21.6,2.9,6.5,0.448,0.9,2.5,0.351,2,4,0.508,0.515,0.5,1,0.523,1.5,2.8,4.4,2.2,0.9,0.2,1,1.6,7.2
574,Lou Williams\willilo02,PG,35,ATL,37,0,14.6,2.4,6.1,0.398,0.8,2.1,0.354,1.7,4,0.422,0.46,1.3,1.5,0.889,0.3,1.3,1.6,2,0.5,0.1,0.8,1,6.9
575,Patrick Williams\willipa01,PF,20,CHI,5,5,25,2.6,4.6,0.565,0.6,1.2,0.5,2,3.4,0.588,0.63,0.8,0.8,1,0.2,2,2.2,0.6,0.6,0.4,0.4,1.8,6.6
576,Robert Williams\williro04,C,24,BOS,45,45,29.7,4.4,5.9,0.737,0,0,0,4.4,5.9,0.74,0.737,1.1,1.6,0.708,3.8,5.6,9.5,2,0.9,2.2,1.2,2.1,9.8
577,Ziaire Williams\willizi02,SF,20,MEM,36,15,21.5,2.9,6.7,0.433,1.1,3.9,0.281,1.8,2.8,0.644,0.515,0.5,0.6,0.864,0.3,1.5,1.8,0.9,0.5,0.2,0.6,1.9,7.4
578,D.J. Wilson\wilsodj01,PF,25,TOR,3,1,16,2.7,3.7,0.727,0,0.7,0,2.7,3,0.889,0.727,2.7,3.3,0.8,0.3,4.3,4.7,1.3,1.7,0.3,0.7,1.7,8
579,Dylan Windler\windldy01,SF,25,CLE,37,0,9.3,0.9,2.1,0.429,0.6,1.5,0.389,0.3,0.6,0.522,0.565,0.2,0.2,0.778,0.4,1.3,1.7,0.7,0.2,0.1,0.4,1,2.5
580,Justise Winslow\winslju01,SF,25,TOT,40,3,14.1,1.9,4.2,0.45,0.2,1,0.171,1.7,3.2,0.539,0.47,0.7,1.1,0.605,0.8,3.1,3.9,1.5,0.7,0.5,1.1,1.3,4.6
580,Justise Winslow\winslju01,SF,25,LAC,37,1,12.9,1.7,3.8,0.447,0.1,0.8,0.172,1.6,3,0.518,0.465,0.7,1.1,0.61,0.8,2.8,3.6,1.4,0.6,0.5,1,1.2,4.2
580,Justise Winslow\winslju01,SF,25,POR,3,2,28.7,4.3,9.3,0.464,0.7,4,0.167,3.7,5.3,0.688,0.5,0.3,0.7,0.5,1,6.3,7.3,2.3,2,1,1.7,1.3,9.7
581,Cassius Winston\winstca01,PG,23,WAS,2,0,3.5,0,1,0,0,1,0,0,0,,0,1,1,1,0,0,0,1,0,0,0.5,0,1
582,Christian Wood\woodch01,C,26,HOU,51,50,31.1,6.5,13.5,0.483,1.9,5,0.374,4.6,8.5,0.546,0.552,2.9,4.7,0.617,1.7,8.5,10.3,2.1,0.8,0.9,1.9,2.5,17.7
583,Robert Woodard II\woodaro01,SF,22,SAC,12,0,3.5,0.2,1.3,0.125,0.1,0.3,0.25,0.1,1,0.083,0.156,0.2,0.2,1,0.4,0.5,0.9,0.3,0.1,0.1,0.1,0.3,0.6
584,Delon Wright\wrighde01,SG,29,ATL,49,5,18.2,1.6,3.5,0.439,0.5,1.4,0.388,1,2.2,0.472,0.514,0.7,0.8,0.825,0.7,2,2.7,2.6,1,0.2,0.7,0.7,4.3
585,McKinley Wright IV\wrighmc01,PG,23,MIN,3,0,3,0.7,1,0.667,0.3,0.7,0.5,0.3,0.3,1,0.833,0,0,,0,0,0,0.3,0,0,0.3,0.3,1.7
586,Moses Wright\wrighmo01,PF,23,LAC,1,0,1,0,0,,0,0,,0,0,,,0,0,,0,0,0,1,0,0,0,0,0
587,Thaddeus Young\youngth01,PF,33,SAS,26,1,14.2,2.8,4.9,0.578,0,0.2,0,2.8,4.7,0.602,0.578,0.4,0.8,0.455,1.5,2,3.6,2.3,0.9,0.3,1.2,1.5,6.1
588,Trae Young\youngtr01,PG,23,ATL,49,49,34.5,9.4,20.6,0.458,2.9,7.8,0.379,6.5,12.8,0.506,0.529,6,6.8,0.894,0.6,3.3,3.9,9.3,1,0.1,4.1,1.6,27.8
589,Omer Yurtseven\yurtsom01,C,23,MIA,39,10,14.3,2.6,4.9,0.523,0,0.2,0.143,2.6,4.8,0.538,0.526,0.8,1.3,0.64,1.7,4.3,6,1.1,0.4,0.5,0.9,1.7,6
590,Cody Zeller\zelleco01,C,29,POR,27,0,13.1,1.9,3.3,0.567,0,0.1,0,1.9,3.2,0.593,0.567,1.4,1.8,0.776,1.9,2.8,4.6,0.8,0.3,0.2,0.7,2.1,5.2
591,Ivica Zubac\zubaciv01,C,24,LAC,50,50,23.9,3.6,5.5,0.649,0,0,,3.6,5.5,0.649,0.649,2.3,3.1,0.735,2.6,5.4,8,1.3,0.4,1,1.4,2.5,9.4